-- phpMyAdmin SQL Dump
-- version 3.2.0.1
-- http://www.phpmyadmin.net
--
-- Host: localhost
-- Generation Time: Jan 24, 2014 at 01:01 PM
-- Server version: 5.1.36
-- PHP Version: 5.3.0

SET SQL_MODE="NO_AUTO_VALUE_ON_ZERO";


/*!40101 SET @OLD_CHARACTER_SET_CLIENT=@@CHARACTER_SET_CLIENT */;
/*!40101 SET @OLD_CHARACTER_SET_RESULTS=@@CHARACTER_SET_RESULTS */;
/*!40101 SET @OLD_COLLATION_CONNECTION=@@COLLATION_CONNECTION */;
/*!40101 SET NAMES utf8 */;

--
-- Database: `scancn`
--

-- --------------------------------------------------------

--
-- Table structure for table `bill_details`
--

CREATE TABLE IF NOT EXISTS `bill_details` (
  `bill_details_id` int(11) NOT NULL AUTO_INCREMENT,
  `bill_no` varchar(20) NOT NULL,
  `channel_name` varchar(50) DEFAULT NULL,
  `channel_amount` double DEFAULT NULL,
  PRIMARY KEY (`bill_details_id`),
  KEY `fk_billNO` (`bill_no`)
) ENGINE=InnoDB  DEFAULT CHARSET=utf8 AUTO_INCREMENT=33 ;

--
-- Dumping data for table `bill_details`
--

INSERT INTO `bill_details` (`bill_details_id`, `bill_no`, `channel_name`, `channel_amount`) VALUES
(1, 'SCAN/00044/1314', 'DISCOVERY SCINCE', 13),
(2, 'SCAN/00070/1314', 'ET NOW', 10),
(3, 'SCAN/00071/1314', 'TEN SPORTS', 15),
(4, 'SCAN/00142/1314', 'TIMES NOW', 10),
(5, 'SCAN/00152/1314', 'CARTOON NETWORK', 15),
(6, 'SCAN/00152/1314', 'POGO', 15),
(7, 'SCAN/00152/1314', 'STAR JALSA', 5),
(8, 'SCAN/00152/1314', 'ZEE BANGLA', 5),
(9, 'SCAN/00172/1314', 'ANIMAX', 7),
(10, 'SCAN/00233/1314', 'STAR SPORTS', 25),
(11, 'SCAN/00318/1314', 'TEN ACTION', 17),
(12, 'SCAN/00338/1314', 'HOME TV', 10),
(13, 'SCAN/00352/1314', 'HBO', 20),
(14, 'SCAN/00396/1314', 'ZEE CLASSIC', 10),
(15, 'SCAN/00501/1314', 'TIMES NOW', 10),
(16, 'SCAN/00557/1314', 'DIVYA', 8),
(17, 'SCAN/00559/1314', 'TIMES NOW', 10),
(18, 'SCAN/00581/1314', 'ANIMAX', 7),
(19, 'SCAN/00581/1314', 'PIX', 15),
(20, 'SCAN/00581/1314', 'SONICK', 8),
(21, 'SCAN/00592/1314', 'CNBC TV 18', 10),
(22, 'SCAN/00592/1314', 'ET NOW', 10),
(23, 'SCAN/00633/1314', 'DISCOVERY SCINCE', 15),
(24, 'SCAN/00660/1314', 'CNBC TV 18', 10),
(25, 'SCAN/00660/1314', 'HBO', 20),
(26, 'SCAN/00675/1314', 'Action TV', 10),
(27, 'SCAN/00675/1314', 'HBO', 20),
(28, 'SCAN/00676/1314', 'Action TV', 10),
(29, 'SCAN/00676/1314', 'CARTOON NETWORK', 15),
(30, 'SCAN/00681/1314', 'ESPN', 26),
(31, 'SCAN/00681/1314', 'HBO', 20),
(32, 'SCAN/00681/1314', 'STAR MOVIES ACTION', 15);

-- --------------------------------------------------------

--
-- Table structure for table `bill_master`
--

CREATE TABLE IF NOT EXISTS `bill_master` (
  `bill_no` varchar(20) NOT NULL,
  `bill_date` datetime DEFAULT NULL,
  `status` int(2) DEFAULT '1',
  `vcno` varchar(50) DEFAULT NULL,
  `plan_id` int(11) NOT NULL,
  `bill_discount` double DEFAULT NULL,
  `other_charges` double DEFAULT NULL,
  `user_id` varchar(20) NOT NULL,
  PRIMARY KEY (`bill_no`),
  UNIQUE KEY `Uni_key_bill_no` (`vcno`,`bill_date`),
  KEY `fk_bill_vcno` (`vcno`),
  KEY `fk_plan_id` (`plan_id`)
) ENGINE=InnoDB DEFAULT CHARSET=utf8;

--
-- Dumping data for table `bill_master`
--

INSERT INTO `bill_master` (`bill_no`, `bill_date`, `status`, `vcno`, `plan_id`, `bill_discount`, `other_charges`, `user_id`) VALUES
('SCAN/00002/1314', '2013-09-08 00:00:00', 1, '01760706442', 6, 0, 3, 'admin'),
('SCAN/00004/1314', '2013-09-08 00:00:00', 1, '01760688730', 6, 0, 3, 'admin'),
('SCAN/00005/1314', '2013-09-08 00:00:00', 1, '01763088721', 6, 0, 3, 'admin'),
('SCAN/00006/1314', '2013-09-08 00:00:00', 1, '01760688090', 6, 0, 3, 'admin'),
('SCAN/00007/1314', '2013-09-08 00:00:00', 1, '01760706685', 6, 0, 3, 'admin'),
('SCAN/00008/1314', '2013-09-08 00:00:00', 1, '01760688085', 6, 0, 3, 'admin'),
('SCAN/00010/1314', '2013-09-08 00:00:00', 1, '01763173690', 6, 0, 3, 'admin'),
('SCAN/00011/1314', '2013-09-08 00:00:00', 1, '01760688605', 6, 0, 3, 'admin'),
('SCAN/00012/1314', '2013-09-08 00:00:00', 1, '01760688603', 6, 0, 3, 'admin'),
('SCAN/00013/1314', '2013-09-08 00:00:00', 1, '01760688692', 6, 0, 3, 'admin'),
('SCAN/00014/1314', '2013-09-08 00:00:00', 1, '01761074349', 6, 0, 3, 'admin'),
('SCAN/00015/1314', '2013-09-08 00:00:00', 1, '01760688711', 6, 0, 3, 'admin'),
('SCAN/00016/1314', '2013-09-08 00:00:00', 1, '01760688710', 6, 0, 3, 'admin'),
('SCAN/00017/1314', '2013-09-08 00:00:00', 1, '01760688176', 6, 0, 3, 'admin'),
('SCAN/00020/1314', '2013-10-08 00:00:00', 1, '01760706668', 6, 0, 3, 'admin'),
('SCAN/00023/1314', '2013-10-08 00:00:00', 1, '01760706667', 4, 0, 3, 'admin'),
('SCAN/00024/1314', '2013-10-08 00:00:00', 1, '01760706635', 6, 0, 3, 'admin'),
('SCAN/00025/1314', '2013-10-08 00:00:00', 1, '01760608713', 6, 0, 3, 'admin'),
('SCAN/00027/1314', '2013-08-10 00:00:00', 1, '01760688720', 6, 0, 3, 'admin'),
('SCAN/00031/1314', '2013-08-10 00:00:00', 1, '01760920162', 6, 0, 3, 'admin'),
('SCAN/00032/1314', '2013-08-10 00:00:00', 1, '01763085219', 6, 0, 3, 'admin'),
('SCAN/00033/1314', '2013-08-10 00:00:00', 1, '01760920161', 6, 0, 3, 'admin'),
('SCAN/00034/1314', '2013-08-10 00:00:00', 1, '01760920224', 6, 0, 3, 'admin'),
('SCAN/00035/1314', '2013-08-10 00:00:00', 1, '01760688582', 6, 0, 3, 'admin'),
('SCAN/00036/1314', '2013-08-10 00:00:00', 1, '01762329958', 6, 0, 3, 'admin'),
('SCAN/00037/1314', '2013-08-10 00:00:00', 1, '01760706622', 6, 0, 3, 'admin'),
('SCAN/00038/1314', '2013-08-10 00:00:00', 1, '01760706663', 6, 0, 3, 'admin'),
('SCAN/00039/1314', '2013-08-10 00:00:00', 1, '01760971718', 5, 0, 3, 'admin'),
('SCAN/00040/1314', '2013-08-10 00:00:00', 1, '01760688212', 5, 0, 3, 'admin'),
('SCAN/00041/1314', '2013-08-10 00:00:00', 1, '01760971784', 6, 0, 3, 'admin'),
('SCAN/00042/1314', '2013-08-10 00:00:00', 1, '01763085214', 6, 0, 3, 'admin'),
('SCAN/00044/1314', '2013-08-10 00:00:00', 1, '01760688604', 6, 0, 3, 'admin'),
('SCAN/00045/1314', '2013-08-10 00:00:00', 1, '01762225479', 6, 0, 3, 'admin'),
('SCAN/00046/1314', '2013-08-10 00:00:00', 1, '01760706676', 6, 0, 3, 'admin'),
('SCAN/00047/1314', '2013-08-10 00:00:00', 1, '01760971752', 6, 0, 3, 'admin'),
('SCAN/00048/1314', '2013-08-11 00:00:00', 1, '01760706607', 5, 0, 3, 'admin'),
('SCAN/00049/1314', '2013-08-11 00:00:00', 1, '01760971789', 6, 0, 3, 'admin'),
('SCAN/00051/1314', '2013-08-11 00:00:00', 1, '01760971747', 6, 0, 3, 'admin'),
('SCAN/00052/1314', '2013-08-11 00:00:00', 1, '01760629115', 6, 0, 3, 'admin'),
('SCAN/00053/1314', '2013-08-11 00:00:00', 1, '01760920171', 6, 0, 3, 'admin'),
('SCAN/00054/1314', '2013-08-11 00:00:00', 1, '01763085213', 6, 0, 3, 'admin'),
('SCAN/00055/1314', '2013-08-11 00:00:00', 1, '01760920061', 6, 0, 3, 'admin'),
('SCAN/00057/1314', '2013-08-11 00:00:00', 1, '01760688690', 6, 0, 3, 'admin'),
('SCAN/00058/1314', '2013-08-11 00:00:00', 1, '01760706615', 4, 0, 3, 'admin'),
('SCAN/00060/1314', '2013-08-11 00:00:00', 1, '01760706666', 6, 0, 3, 'admin'),
('SCAN/00061/1314', '2013-08-11 00:00:00', 1, '01760608876', 6, 0, 3, 'admin'),
('SCAN/00062/1314', '2013-08-11 00:00:00', 1, '01760971792', 4, 0, 3, 'admin'),
('SCAN/00063/1314', '2013-08-11 00:00:00', 1, '01760688200', 6, 0, 3, 'admin'),
('SCAN/00064/1314', '2013-08-11 00:00:00', 1, '01760688197', 4, 0, 3, 'admin'),
('SCAN/00065/1314', '2013-08-11 00:00:00', 1, '01760971725', 5, 0, 3, 'admin'),
('SCAN/00066/1314', '2013-08-11 00:00:00', 1, '01760920310', 6, 0, 3, 'admin'),
('SCAN/00067/1314', '2013-08-11 00:00:00', 1, '01760706652', 6, 0, 3, 'admin'),
('SCAN/00068/1314', '2013-08-11 00:00:00', 1, '01760450752', 6, 0, 3, 'admin'),
('SCAN/00069/1314', '2013-08-11 00:00:00', 1, '01760971749', 4, 0, 3, 'admin'),
('SCAN/00070/1314', '2013-08-11 00:00:00', 1, '01763085862', 6, 0, 3, 'admin'),
('SCAN/00071/1314', '2013-08-11 00:00:00', 1, '01761074492', 4, 0, 3, 'admin'),
('SCAN/00072/1314', '2013-08-11 00:00:00', 1, '01760971750', 6, 0, 3, 'admin'),
('SCAN/00073/1314', '2013-08-11 00:00:00', 1, '01760971782', 6, 0, 3, 'admin'),
('SCAN/00074/1314', '2013-08-11 00:00:00', 1, '01760971769', 6, 0, 3, 'admin'),
('SCAN/00075/1314', '2013-08-11 00:00:00', 1, '01760607475', 6, 0, 3, 'admin'),
('SCAN/00076/1314', '2013-08-11 00:00:00', 1, '01760608888', 6, 0, 3, 'admin'),
('SCAN/00077/1314', '2013-08-11 00:00:00', 1, '01760608803', 6, 0, 3, 'admin'),
('SCAN/00078/1314', '2013-08-11 00:00:00', 1, '01760971809', 6, 0, 3, 'admin'),
('SCAN/00079/1314', '2013-08-11 00:00:00', 1, '01760920227', 6, 0, 3, 'admin'),
('SCAN/00080/1314', '2013-08-11 00:00:00', 1, '01760688081', 6, 0, 3, 'admin'),
('SCAN/00081/1314', '2013-08-11 00:00:00', 1, '01760688215', 6, 0, 3, 'admin'),
('SCAN/00082/1314', '2013-08-11 00:00:00', 1, '01760920317', 6, 0, 3, 'admin'),
('SCAN/00083/1314', '2013-08-11 00:00:00', 1, '01763088731', 6, 0, 3, 'admin'),
('SCAN/00084/1314', '2013-08-11 00:00:00', 1, '01763087385', 6, 0, 3, 'admin'),
('SCAN/00085/1314', '2013-08-11 00:00:00', 1, '01760920169', 6, 0, 3, 'admin'),
('SCAN/00086/1314', '2013-08-11 00:00:00', 1, '01763087384', 6, 0, 3, 'admin'),
('SCAN/00088/1314', '2013-08-11 00:00:00', 1, '01763087378', 5, 0, 3, 'admin'),
('SCAN/00089/1314', '2013-08-11 00:00:00', 1, '01761075360', 4, 0, 3, 'admin'),
('SCAN/00090/1314', '2013-08-11 00:00:00', 1, '01762225890', 6, 0, 3, 'admin'),
('SCAN/00091/1314', '2013-08-11 00:00:00', 1, '01762329962', 6, 0, 3, 'admin'),
('SCAN/00092/1314', '2013-08-11 00:00:00', 1, '01763088715', 6, 0, 3, 'admin'),
('SCAN/00093/1314', '2013-08-12 00:00:00', 1, '01760688715', 4, 0, 3, 'admin'),
('SCAN/00094/1314', '2013-08-12 00:00:00', 1, '01760971791', 6, 0, 3, 'admin'),
('SCAN/00095/1314', '2013-08-12 00:00:00', 1, '01760971790', 6, 0, 3, 'admin'),
('SCAN/00096/1314', '2013-08-12 00:00:00', 1, '01760688204', 6, 0, 3, 'admin'),
('SCAN/00097/1314', '2013-08-12 00:00:00', 1, '01760620314', 6, 0, 3, 'admin'),
('SCAN/00098/1314', '2013-08-12 00:00:00', 1, '01763088729', 6, 0, 3, 'admin'),
('SCAN/00099/1314', '2013-08-12 00:00:00', 1, '01760920319', 6, 0, 3, 'admin'),
('SCAN/00100/1314', '2013-08-12 00:00:00', 1, '01762225481', 4, 0, 3, 'admin'),
('SCAN/00101/1314', '2013-08-12 00:00:00', 1, '01760706644', 6, 0, 3, 'admin'),
('SCAN/00102/1314', '2013-08-12 00:00:00', 1, '01760706628', 6, 0, 3, 'admin'),
('SCAN/00103/1314', '2013-08-12 00:00:00', 1, '01763173703', 6, 0, 3, 'admin'),
('SCAN/00104/1314', '2013-08-12 00:00:00', 1, '01760920159', 6, 0, 3, 'admin'),
('SCAN/00105/1314', '2013-08-12 00:00:00', 1, '01760706445', 6, 0, 3, 'admin'),
('SCAN/00106/1314', '2013-08-12 00:00:00', 1, '01762329961', 6, 0, 3, 'admin'),
('SCAN/00107/1314', '2013-08-12 00:00:00', 1, '01763085225', 6, 0, 3, 'admin'),
('SCAN/00108/1314', '2013-08-12 00:00:00', 1, '01760688583', 6, 0, 3, 'admin'),
('SCAN/00109/1314', '2013-08-12 00:00:00', 1, '01760971766', 6, 0, 3, 'admin'),
('SCAN/00110/1314', '2013-08-12 00:00:00', 1, '01760688587', 6, 0, 3, 'admin'),
('SCAN/00111/1314', '2013-08-12 00:00:00', 1, '01760706632', 6, 0, 3, 'admin'),
('SCAN/00112/1314', '2013-08-12 00:00:00', 1, '01761074079', 6, 0, 3, 'admin'),
('SCAN/00113/1314', '2013-08-12 00:00:00', 1, '01760920231', 6, 0, 3, 'admin'),
('SCAN/00114/1314', '2013-08-12 00:00:00', 1, '01763085217', 6, 0, 3, 'admin'),
('SCAN/00115/1314', '2013-08-12 00:00:00', 1, '01760706631', 6, 0, 3, 'admin'),
('SCAN/00116/1314', '2013-08-12 00:00:00', 1, '01760706683', 6, 0, 3, 'admin'),
('SCAN/00117/1314', '2013-08-12 00:00:00', 1, '01761075362', 6, 0, 3, 'admin'),
('SCAN/00118/1314', '2013-08-12 00:00:00', 1, '017609202159', 6, 0, 3, 'admin'),
('SCAN/00119/1314', '2013-08-12 00:00:00', 1, '01761074051', 6, 0, 3, 'admin'),
('SCAN/00120/1314', '2013-08-12 00:00:00', 1, '01760706657', 6, 0, 3, 'admin'),
('SCAN/00121/1314', '2013-08-12 00:00:00', 1, '01760971783', 6, 0, 3, 'admin'),
('SCAN/00122/1314', '2013-08-12 00:00:00', 1, '01760971808', 6, 0, 3, 'admin'),
('SCAN/00123/1314', '2013-08-12 00:00:00', 1, '01760318198', 6, 0, 3, 'admin'),
('SCAN/00124/1314', '2013-08-12 00:00:00', 1, '01760688201', 6, 0, 3, 'admin'),
('SCAN/00125/1314', '2013-08-12 00:00:00', 1, '01760599645', 5, 0, 3, 'admin'),
('SCAN/00126/1314', '2013-08-12 00:00:00', 1, '01761074094', 6, 0, 3, 'admin'),
('SCAN/00128/1314', '2013-08-12 00:00:00', 1, '01763952791', 6, 0, 3, 'admin'),
('SCAN/00129/1314', '2013-08-12 00:00:00', 1, '01760971788', 6, 0, 3, 'admin'),
('SCAN/00130/1314', '2013-08-13 00:00:00', 1, '01760599647', 6, 0, 3, 'admin'),
('SCAN/00131/1314', '2013-08-13 00:00:00', 1, '01760706702', 7, 0, 3, 'admin'),
('SCAN/00132/1314', '2013-08-13 00:00:00', 1, '01760688202', 6, 0, 3, 'admin'),
('SCAN/00133/1314', '2013-08-13 00:00:00', 1, '01762329963', 6, 0, 3, 'admin'),
('SCAN/00134/1314', '2013-08-13 00:00:00', 1, '01760971724', 6, 0, 3, 'admin'),
('SCAN/00135/1314', '2013-08-13 00:00:00', 1, '01760971778', 6, 0, 3, 'admin'),
('SCAN/00136/1314', '2013-08-13 00:00:00', 1, '01760971777', 6, 0, 3, 'admin'),
('SCAN/00137/1314', '2013-08-13 00:00:00', 1, '01763088728', 6, 0, 3, 'admin'),
('SCAN/00138/1314', '2013-08-13 00:00:00', 1, '01763952795', 6, 0, 3, 'admin'),
('SCAN/00139/1314', '2013-08-13 00:00:00', 1, '01760920067', 6, 0, 3, 'admin'),
('SCAN/00140/1314', '2013-08-13 00:00:00', 1, '01763087377', 6, 0, 3, 'admin'),
('SCAN/00142/1314', '2013-08-13 00:00:00', 1, '01760920156', 6, 0, 3, 'admin'),
('SCAN/00143/1314', '2013-08-13 00:00:00', 1, '01760688600', 6, 0, 3, 'admin'),
('SCAN/00145/1314', '2013-08-13 00:00:00', 1, '01763952797', 6, 0, 3, 'admin'),
('SCAN/00146/1314', '2013-08-13 00:00:00', 1, '01761074098', 6, 0, 3, 'admin'),
('SCAN/00147/1314', '2013-08-13 00:00:00', 1, '01760706655', 6, 0, 3, 'admin'),
('SCAN/00148/1314', '2013-08-13 00:00:00', 1, '01760706457', 6, 0, 3, 'admin'),
('SCAN/00150/1314', '2013-08-13 00:00:00', 1, '01760629033', 6, 0, 3, 'admin'),
('SCAN/00151/1314', '2013-08-13 00:00:00', 1, '01762329965', 6, 0, 3, 'admin'),
('SCAN/00152/1314', '2013-08-13 00:00:00', 1, '01763087856', 7, 0, 3, 'admin'),
('SCAN/00153/1314', '2013-08-13 00:00:00', 1, '01763173702', 6, 0, 3, 'admin'),
('SCAN/00154/1314', '2013-08-13 00:00:00', 1, '01763087368', 7, 0, 3, 'admin'),
('SCAN/00156/1314', '2013-08-14 00:00:00', 1, '01760629097', 6, 0, 3, 'admin'),
('SCAN/00157/1314', '2013-08-14 00:00:00', 1, '01760971743', 6, 0, 3, 'admin'),
('SCAN/00158/1314', '2013-08-14 00:00:00', 1, '01760599644', 6, 0, 3, 'admin'),
('SCAN/00159/1314', '2013-08-14 00:00:00', 1, '01763952806', 6, 0, 3, 'admin'),
('SCAN/00160/1314', '2013-08-14 00:00:00', 1, '01760629026', 6, 0, 3, 'admin'),
('SCAN/00161/1314', '2013-08-14 00:00:00', 1, '01760688210', 6, 0, 3, 'admin'),
('SCAN/00162/1314', '2013-08-14 00:00:00', 1, '01761074097', 6, 0, 3, 'admin'),
('SCAN/00163/1314', '2013-08-14 00:00:00', 1, '01760688608', 6, 0, 3, 'admin'),
('SCAN/00164/1314', '2013-08-14 00:00:00', 1, '01760688610', 6, 0, 3, 'admin'),
('SCAN/00165/1314', '2013-08-14 00:00:00', 1, '01760688609', 6, 0, 3, 'admin'),
('SCAN/00166/1314', '2013-08-14 00:00:00', 1, '01760688093', 6, 0, 3, 'admin'),
('SCAN/00167/1314', '2013-08-14 00:00:00', 1, '01761074348', 6, 0, 3, 'admin'),
('SCAN/00168/1314', '2013-08-14 00:00:00', 1, '01761074494', 6, 0, 3, 'admin'),
('SCAN/00169/1314', '2013-08-14 00:00:00', 1, '01760689854', 6, 0, 3, 'admin'),
('SCAN/00171/1314', '2013-08-14 00:00:00', 1, '01763085849', 6, 0, 3, 'admin'),
('SCAN/00172/1314', '2013-08-14 00:00:00', 1, '01760971763', 6, 0, 3, 'admin'),
('SCAN/00173/1314', '2013-08-14 00:00:00', 1, '01760920223', 6, 0, 3, 'admin'),
('SCAN/00175/1314', '2013-08-14 00:00:00', 1, '01760920220', 6, 0, 3, 'admin'),
('SCAN/00176/1314', '2013-08-14 00:00:00', 1, '01763085208', 6, 0, 3, 'admin'),
('SCAN/00177/1314', '2013-08-14 00:00:00', 1, '01763087379', 6, 0, 3, 'admin'),
('SCAN/00178/1314', '2013-08-14 00:00:00', 1, '01762225488', 6, 0, 3, 'admin'),
('SCAN/00179/1314', '2013-08-16 00:00:00', 1, '01763088730', 6, 0, 3, 'admin'),
('SCAN/00180/1314', '2013-08-16 00:00:00', 1, '01760706614', 6, 0, 3, 'admin'),
('SCAN/00181/1314', '2013-08-16 00:00:00', 1, '017606068848', 6, 0, 3, 'admin'),
('SCAN/00182/1314', '2013-08-16 00:00:00', 1, '01760706690', 6, 0, 3, 'admin'),
('SCAN/00183/1314', '2013-08-16 00:00:00', 1, '01760706618', 6, 0, 3, 'admin'),
('SCAN/00185/1314', '2013-08-16 00:00:00', 1, '01760920064', 6, 0, 3, 'admin'),
('SCAN/00186/1314', '2013-08-16 00:00:00', 1, '01760920063', 7, 0, 3, 'admin'),
('SCAN/00187/1314', '2013-08-16 00:00:00', 1, '01762433832', 6, 0, 3, 'admin'),
('SCAN/00188/1314', '2013-08-16 00:00:00', 1, '01760971806', 6, 0, 3, 'admin'),
('SCAN/00189/1314', '2013-08-17 00:00:00', 1, '01760629035', 6, 0, 3, 'admin'),
('SCAN/00190/1314', '2013-08-17 00:00:00', 1, '01762225485', 6, 0, 3, 'admin'),
('SCAN/00191/1314', '2013-08-17 00:00:00', 1, '01762329960', 6, 0, 3, 'admin'),
('SCAN/00192/1314', '2013-08-17 00:00:00', 1, '01760706679', 6, 0, 3, 'admin'),
('SCAN/00193/1314', '2013-08-17 00:00:00', 1, '01763085597', 6, 0, 3, 'admin'),
('SCAN/00194/1314', '2013-08-17 00:00:00', 1, '01762433837', 6, 0, 3, 'admin'),
('SCAN/00195/1314', '2013-08-17 00:00:00', 1, '01760688351', 6, 0, 3, 'admin'),
('SCAN/00196/1314', '2013-08-17 00:00:00', 1, '01760688159', 6, 0, 3, 'admin'),
('SCAN/00197/1314', '2013-08-17 00:00:00', 1, '01763085218', 6, 0, 3, 'admin'),
('SCAN/00198/1314', '2013-08-17 00:00:00', 1, '01763088720', 6, 0, 3, 'admin'),
('SCAN/00199/1314', '2013-08-17 00:00:00', 1, '01764164975', 6, 0, 3, 'admin'),
('SCAN/00200/1314', '2013-08-17 00:00:00', 1, '01760629108', 4, 0, 3, 'admin'),
('SCAN/00201/1314', '2013-08-17 00:00:00', 1, '01760423016', 6, 0, 3, 'admin'),
('SCAN/00202/1314', '2013-08-17 00:00:00', 1, '01760971727', 6, 0, 3, 'admin'),
('SCAN/00203/1314', '2013-08-17 00:00:00', 1, '01760971726', 6, 0, 3, 'admin'),
('SCAN/00204/1314', '2013-08-17 00:00:00', 1, '01763087852', 6, 0, 3, 'admin'),
('SCAN/00205/1314', '2013-08-17 00:00:00', 1, '01760688340', 6, 0, 3, 'admin'),
('SCAN/00206/1314', '2013-08-17 00:00:00', 1, '01760706674', 6, 0, 3, 'admin'),
('SCAN/00208/1314', '2013-08-17 00:00:00', 1, '01763087860', 7, 0, 3, 'admin'),
('SCAN/00209/1314', '2013-08-17 00:00:00', 1, '01760688178', 6, 0, 3, 'admin'),
('SCAN/00210/1314', '2013-08-17 00:00:00', 1, '01760706660', 6, 0, 3, 'admin'),
('SCAN/00214/1314', '2013-08-17 00:00:00', 1, '01760629032', 6, 0, 3, 'admin'),
('SCAN/00215/1314', '2013-08-17 00:00:00', 1, '01760971737', 6, 0, 3, 'admin'),
('SCAN/00216/1314', '2013-08-17 00:00:00', 1, '01763087864', 6, 0, 3, 'admin'),
('SCAN/00217/1314', '2013-08-17 00:00:00', 1, '01760971779', 6, 0, 3, 'admin'),
('SCAN/00218/1314', '2013-08-17 00:00:00', 1, '01760971780', 6, 0, 3, 'admin'),
('SCAN/00220/1314', '2013-08-17 00:00:00', 1, '01763952785', 6, 0, 3, 'admin'),
('SCAN/00221/1314', '2013-08-17 00:00:00', 1, '01760920322', 6, 0, 3, 'admin'),
('SCAN/00222/1314', '2013-08-17 00:00:00', 1, '01760971767', 6, 0, 3, 'admin'),
('SCAN/00223/1314', '2013-08-17 00:00:00', 1, '01760688611', 6, 0, 3, 'admin'),
('SCAN/00224/1314', '2013-08-17 00:00:00', 1, '01760706624', 6, 0, 3, 'admin'),
('SCAN/00225/1314', '2013-08-17 00:00:00', 1, '01760688735', 6, 0, 3, 'admin'),
('SCAN/00226/1314', '2013-08-17 00:00:00', 1, '01760688734', 6, 0, 3, 'admin'),
('SCAN/00227/1314', '2013-08-17 00:00:00', 1, '01760706687', 6, 0, 3, 'admin'),
('SCAN/00228/1314', '2013-08-17 00:00:00', 1, '01760688716', 6, 0, 3, 'admin'),
('SCAN/00229/1314', '2013-08-17 00:00:00', 1, '01760688717', 4, 0, 3, 'admin'),
('SCAN/00230/1314', '2013-08-17 00:00:00', 1, '01760688728', 6, 0, 3, 'admin'),
('SCAN/00231/1314', '2013-08-17 00:00:00', 1, '01760688729', 4, 0, 3, 'admin'),
('SCAN/00232/1314', '2013-08-17 00:00:00', 1, '01763088719', 6, 0, 3, 'admin'),
('SCAN/00233/1314', '2013-08-17 00:00:00', 1, '01760706640', 6, 0, 3, 'admin'),
('SCAN/00234/1314', '2013-08-17 00:00:00', 1, '01763088724', 6, 0, 3, 'admin'),
('SCAN/00235/1314', '2013-08-17 00:00:00', 1, '01760629103', 4, 0, 3, 'admin'),
('SCAN/00236/1314', '2013-08-17 00:00:00', 1, '01763952819', 6, 0, 3, 'admin'),
('SCAN/00237/1314', '2013-08-17 00:00:00', 1, '01760688198', 6, 0, 3, 'admin'),
('SCAN/00238/1314', '2013-08-17 00:00:00', 1, '01762225484', 6, 0, 3, 'admin'),
('SCAN/00240/1314', '2013-08-17 00:00:00', 1, '01760706675', 6, 0, 3, 'admin'),
('SCAN/00241/1314', '2013-08-17 00:00:00', 1, '01763087859', 6, 0, 3, 'admin'),
('SCAN/00242/1314', '2013-08-17 00:00:00', 1, '01760706463', 6, 0, 3, 'admin'),
('SCAN/00243/1314', '2013-08-18 00:00:00', 1, '01760971798', 6, 0, 3, 'admin'),
('SCAN/00245/1314', '2013-08-18 00:00:00', 1, '01760688348', 6, 0, 3, 'admin'),
('SCAN/00246/1314', '2013-08-18 00:00:00', 1, '01760688179', 6, 0, 3, 'admin'),
('SCAN/00247/1314', '2013-08-18 00:00:00', 1, '01763087851', 6, 0, 3, 'admin'),
('SCAN/00248/1314', '2013-08-18 00:00:00', 1, '01760450348', 6, 0, 3, 'admin'),
('SCAN/00249/1314', '2013-08-18 00:00:00', 1, '01760920218', 6, 0, 3, 'admin'),
('SCAN/00250/1314', '2013-08-18 00:00:00', 1, '01762225487', 6, 0, 3, 'admin'),
('SCAN/00251/1314', '2013-08-18 00:00:00', 1, '01760688732', 6, 0, 3, 'admin'),
('SCAN/00252/1314', '2013-08-18 00:00:00', 1, '01760706606', 6, 0, 3, 'admin'),
('SCAN/00253/1314', '2013-08-18 00:00:00', 1, '01763173692', 6, 0, 3, 'admin'),
('SCAN/00254/1314', '2013-08-18 00:00:00', 1, '01760688712', 6, 0, 3, 'admin'),
('SCAN/00255/1314', '2013-08-18 00:00:00', 1, '01760971731', 6, 0, 3, 'admin'),
('SCAN/00256/1314', '2013-08-18 00:00:00', 1, '01760706670', 6, 0, 3, 'admin'),
('SCAN/00257/1314', '2013-08-18 00:00:00', 1, '01760629112', 6, 0, 3, 'admin'),
('SCAN/00259/1314', '2013-08-18 00:00:00', 1, '01760688086', 6, 0, 3, 'admin'),
('SCAN/00260/1314', '2013-08-18 00:00:00', 1, '01760453937', 6, 0, 3, 'admin'),
('SCAN/00261/1314', '2013-08-18 00:00:00', 1, '01760971768', 6, 0, 3, 'admin'),
('SCAN/00268/1314', '2013-08-18 00:00:00', 1, '01760792023', 6, 0, 3, 'admin'),
('SCAN/00270/1314', '2013-08-18 00:00:00', 1, '01760688692', 6, 0, 3, 'admin'),
('SCAN/00271/1314', '2013-08-18 00:00:00', 1, '01760688586', 6, 0, 3, 'admin'),
('SCAN/00272/1314', '2013-08-19 00:00:00', 1, '01763085601', 6, 0, 3, 'admin'),
('SCAN/00273/1314', '2013-08-19 00:00:00', 1, '01760706639', 6, 0, 3, 'admin'),
('SCAN/00274/1314', '2013-08-19 00:00:00', 1, '01760971805', 6, 0, 3, 'admin'),
('SCAN/00275/1314', '2013-08-19 00:00:00', 1, '01760920307', 6, 0, 3, 'admin'),
('SCAN/00276/1314', '2013-08-19 00:00:00', 1, '01763088723', 6, 0, 3, 'admin'),
('SCAN/00277/1314', '2013-08-19 00:00:00', 1, '01763085224', 6, 0, 3, 'admin'),
('SCAN/00278/1314', '2013-08-19 00:00:00', 1, '01763952812', 6, 0, 3, 'admin'),
('SCAN/00279/1314', '2013-08-19 00:00:00', 1, '01763952813', 7, 0, 3, 'admin'),
('SCAN/00280/1314', '2013-08-19 00:00:00', 1, '01762225885', 6, 0, 3, 'admin'),
('SCAN/00281/1314', '2013-08-19 00:00:00', 1, '01760920323', 6, 0, 3, 'admin'),
('SCAN/00282/1314', '2013-08-19 00:00:00', 1, '01760920167', 6, 0, 3, 'admin'),
('SCAN/00284/1314', '2013-08-19 00:00:00', 1, '01760971786', 6, 0, 3, 'admin'),
('SCAN/00285/1314', '2013-08-19 00:00:00', 1, '01760971787', 6, 0, 3, 'admin'),
('SCAN/00286/1314', '2013-08-19 00:00:00', 1, '01760971785', 6, 0, 3, 'admin'),
('SCAN/00287/1314', '2013-08-19 00:00:00', 1, '01760688693', 6, 0, 3, 'admin'),
('SCAN/00288/1314', '2013-08-19 00:00:00', 1, '01763085595', 6, 0, 3, 'admin'),
('SCAN/00289/1314', '2013-08-19 00:00:00', 1, '01760920233', 6, 0, 3, 'admin'),
('SCAN/00290/1314', '2013-08-19 00:00:00', 1, '01760194927', 6, 0, 3, 'admin'),
('SCAN/00291/1314', '2013-08-19 00:00:00', 1, '01763952781', 6, 0, 3, 'admin'),
('SCAN/00292/1314', '2013-08-19 00:00:00', 1, '01760971774', 6, 0, 3, 'admin'),
('SCAN/00293/1314', '2013-08-19 00:00:00', 1, '01763173706', 6, 0, 3, 'admin'),
('SCAN/00294/1314', '2013-08-20 00:00:00', 1, '01763085594', 6, 0, 3, 'admin'),
('SCAN/00295/1314', '2013-08-20 00:00:00', 1, '01760971729', 6, 0, 3, 'admin'),
('SCAN/00296/1314', '2013-08-20 00:00:00', 1, '0176225480', 6, 0, 3, 'admin'),
('SCAN/00297/1314', '2013-08-20 00:00:00', 1, '01763085600', 6, 0, 3, 'admin'),
('SCAN/00298/1314', '2013-08-20 00:00:00', 1, '01760971738', 6, 0, 3, 'admin'),
('SCAN/00299/1314', '2013-08-20 00:00:00', 1, '01760706459', 6, 0, 3, 'admin'),
('SCAN/00300/1314', '2013-08-20 00:00:00', 1, '01760706698', 6, 0, 3, 'admin'),
('SCAN/00301/1314', '2013-08-20 00:00:00', 1, '01760688190', 6, 0, 3, 'admin'),
('SCAN/00303/1314', '2013-08-21 00:00:00', 1, '01763087372', 6, 0, 3, 'admin'),
('SCAN/00304/1314', '2013-08-21 00:00:00', 1, '01760971756', 6, 0, 3, 'admin'),
('SCAN/00305/1314', '2013-08-21 00:00:00', 1, '01763085867', 6, 0, 3, 'admin'),
('SCAN/00306/1314', '2013-08-21 00:00:00', 1, '01760688696', 6, 0, 3, 'admin'),
('SCAN/00307/1314', '2013-08-21 00:00:00', 1, '01762433839', 6, 0, 3, 'admin'),
('SCAN/00308/1314', '2013-08-21 00:00:00', 1, '01761074093', 6, 0, 3, 'admin'),
('SCAN/00309/1314', '2013-08-21 00:00:00', 1, '01763087370', 6, 0, 3, 'admin'),
('SCAN/00312/1314', '2013-08-21 00:00:00', 1, '01760688177', 6, 0, 3, 'admin'),
('SCAN/00314/1314', '2013-08-21 00:00:00', 1, '01760920320', 6, 0, 3, 'admin'),
('SCAN/00315/1314', '2013-08-21 00:00:00', 1, '01762433834', 6, 0, 3, 'admin'),
('SCAN/00316/1314', '2013-08-21 00:00:00', 1, '01762330333', 6, 0, 3, 'admin'),
('SCAN/00317/1314', '2013-08-21 00:00:00', 1, '01763085593', 6, 0, 3, 'admin'),
('SCAN/00318/1314', '2013-08-21 00:00:00', 1, '01760920222', 6, 0, 3, 'admin'),
('SCAN/00319/1314', '2013-08-21 00:00:00', 1, '01763088783', 6, 0, 3, 'admin'),
('SCAN/00321/1314', '2013-08-21 00:00:00', 1, '01760706699', 7, 0, 3, 'admin'),
('SCAN/00322/1314', '2013-08-21 00:00:00', 1, '01764124278', 4, 0, 3, 'admin'),
('SCAN/00323/1314', '2013-08-21 00:00:00', 1, '01760688590', 5, 0, 3, 'admin'),
('SCAN/00324/1314', '2013-08-21 00:00:00', 1, '01760971802', 6, 0, 3, 'admin'),
('SCAN/00326/1314', '2013-08-21 00:00:00', 1, '01760450349', 6, 0, 3, 'admin'),
('SCAN/00327/1314', '2013-08-21 00:00:00', 1, '01760688593', 4, 0, 3, 'admin'),
('SCAN/00329/1314', '2013-08-21 00:00:00', 1, '01760920216', 5, 0, 3, 'admin'),
('SCAN/00330/1314', '2013-08-21 00:00:00', 1, '01763088725', 6, 0, 3, 'admin'),
('SCAN/00331/1314', '2013-08-23 00:00:00', 1, '01760191614', 6, 0, 3, 'admin'),
('SCAN/00332/1314', '2013-08-23 00:00:00', 1, '01763088784', 6, 0, 3, 'admin'),
('SCAN/00333/1314', '2013-08-23 00:00:00', 1, '01760920170', 6, 0, 3, 'admin'),
('SCAN/00334/1314', '2013-08-23 00:00:00', 1, '01760688214', 6, 0, 3, 'admin'),
('SCAN/00335/1314', '2013-08-23 00:00:00', 1, '01760688591', 6, 0, 3, 'admin'),
('SCAN/00336/1314', '2013-08-23 00:00:00', 1, '01761075359', 6, 0, 3, 'admin'),
('SCAN/00338/1314', '2013-08-23 00:00:00', 1, '01760423046', 6, 0, 3, 'admin'),
('SCAN/00339/1314', '2013-08-23 00:00:00', 1, '0176088344', 6, 0, 3, 'admin'),
('SCAN/00340/1314', '2013-08-23 00:00:00', 1, '01760706669', 6, 0, 3, 'admin'),
('SCAN/00341/1314', '2013-08-23 00:00:00', 1, '01760920070', 6, 0, 3, 'admin'),
('SCAN/00342/1314', '2013-08-23 00:00:00', 1, '017620971735', 6, 0, 3, 'admin'),
('SCAN/00344/1314', '2013-08-23 00:00:00', 1, '01762330330', 6, 0, 3, 'admin'),
('SCAN/00345/1314', '2013-08-24 00:00:00', 1, '01760688703', 6, 0, 3, 'admin'),
('SCAN/00346/1314', '2013-08-24 00:00:00', 1, '01760688341', 6, 0, 3, 'admin'),
('SCAN/00347/1314', '2013-08-24 00:00:00', 1, '01760920219', 6, 0, 3, 'admin'),
('SCAN/00348/1314', '2013-08-24 00:00:00', 1, '01761074635', 6, 0, 3, 'admin'),
('SCAN/00349/1314', '2013-08-24 00:00:00', 1, '01760706672', 6, 0, 3, 'admin'),
('SCAN/00351/1314', '2013-08-24 00:00:00', 1, '01760688342', 5, 0, 3, 'admin'),
('SCAN/00352/1314', '2013-08-24 00:00:00', 1, '01760971740', 6, 0, 3, 'admin'),
('SCAN/00353/1314', '2013-08-24 00:00:00', 1, '01760920158', 6, 0, 3, 'admin'),
('SCAN/00354/1314', '2013-08-24 00:00:00', 1, '01764124532', 6, 0, 3, 'admin'),
('SCAN/00357/1314', '2013-08-24 00:00:00', 1, '01760706629', 6, 0, 3, 'admin'),
('SCAN/00358/1314', '2013-08-24 00:00:00', 1, '01760688082', 6, 0, 3, 'admin'),
('SCAN/00359/1314', '2013-08-24 00:00:00', 1, '01760688077', 6, 0, 3, 'admin'),
('SCAN/00360/1314', '2013-08-24 00:00:00', 1, '01760688076', 6, 0, 3, 'admin'),
('SCAN/00361/1314', '2013-08-24 00:00:00', 1, '01760688078', 6, 0, 3, 'admin'),
('SCAN/00362/1314', '2013-08-24 00:00:00', 1, '01760706648', 6, 0, 3, 'admin'),
('SCAN/00363/1314', '2013-08-25 00:00:00', 1, '01763952788', 6, 0, 3, 'admin'),
('SCAN/00364/1314', '2013-08-25 00:00:00', 1, '01760599873', 6, 0, 3, 'admin'),
('SCAN/00365/1314', '2013-08-25 00:00:00', 1, '01763087380', 6, 0, 3, 'admin'),
('SCAN/00366/1314', '2013-08-25 00:00:00', 1, '01760706627', 7, 0, 3, 'admin'),
('SCAN/00367/1314', '2013-08-25 00:00:00', 1, '01760688089', 6, 0, 3, 'admin'),
('SCAN/00368/1314', '2013-08-25 00:00:00', 1, '01760688181', 6, 0, 3, 'admin'),
('SCAN/00369/1314', '2013-08-25 00:00:00', 1, '01760971771', 5, 0, 3, 'admin'),
('SCAN/00370/1314', '2013-08-25 00:00:00', 1, '01762329957', 4, 0, 3, 'admin'),
('SCAN/00371/1314', '2013-08-25 00:00:00', 1, '01760920308', 6, 0, 3, 'admin'),
('SCAN/00372/1314', '2013-08-25 00:00:00', 1, '01760971804', 6, 0, 3, 'admin'),
('SCAN/00373/1314', '2013-08-25 00:00:00', 1, '01762225886', 6, 0, 3, 'admin'),
('SCAN/00374/1314', '2013-08-25 00:00:00', 1, '01763088779', 6, 0, 3, 'admin'),
('SCAN/00376/1314', '2013-08-25 00:00:00', 1, '01760706625', 6, 0, 3, 'admin'),
('SCAN/00377/1314', '2013-08-25 00:00:00', 1, '01760971721', 6, 0, 3, 'admin'),
('SCAN/00378/1314', '2013-08-25 00:00:00', 1, '01760971773', 6, 0, 3, 'admin'),
('SCAN/00379/1314', '2013-08-25 00:00:00', 1, '01760688091', 6, 0, 3, 'admin'),
('SCAN/00380/1314', '2013-08-26 00:00:00', 1, '01763088727', 6, 0, 3, 'admin'),
('SCAN/00381/1314', '2013-08-26 00:00:00', 1, '01760688206', 6, 0, 3, 'admin'),
('SCAN/00382/1314', '2013-08-26 00:00:00', 1, '01763087866', 6, 0, 3, 'admin'),
('SCAN/00383/1314', '2013-08-26 00:00:00', 1, '01760688349', 6, 0, 3, 'admin'),
('SCAN/00384/1314', '2013-08-26 00:00:00', 1, '01763085227', 6, 0, 3, 'admin'),
('SCAN/00385/1314', '2013-08-26 00:00:00', 1, '01760688597', 6, 0, 3, 'admin'),
('SCAN/00386/1314', '2013-08-26 00:00:00', 1, '01760688180', 6, 0, 3, 'admin'),
('SCAN/00387/1314', '2013-08-26 00:00:00', 1, '01763087858', 7, 0, 3, 'admin'),
('SCAN/00388/1314', '2013-08-26 00:00:00', 1, '01764124277', 6, 0, 3, 'admin'),
('SCAN/00389/1314', '2013-08-26 00:00:00', 1, '01763087853', 6, 0, 3, 'admin'),
('SCAN/00390/1314', '2013-08-26 00:00:00', 1, '01760971795', 6, 0, 3, 'admin'),
('SCAN/00391/1314', '2013-08-26 00:00:00', 1, '01763088733', 6, 0, 3, 'admin'),
('SCAN/00392/1314', '2013-08-26 00:00:00', 1, '01760688199', 6, 0, 3, 'admin'),
('SCAN/00393/1314', '2013-08-26 00:00:00', 1, '01760706689', 6, 0, 3, 'admin'),
('SCAN/00394/1314', '2013-08-26 00:00:00', 1, '01760688694', 6, 0, 3, 'admin'),
('SCAN/00396/1314', '2013-08-27 00:00:00', 1, '01760688207', 6, 0, 3, 'admin'),
('SCAN/00399/1314', '2013-08-27 00:00:00', 1, '01760450349', 6, 0, 3, 'admin'),
('SCAN/00400/1314', '2013-08-27 00:00:00', 1, '01763085220', 6, 0, 3, 'admin'),
('SCAN/00401/1314', '2013-08-27 00:00:00', 1, '01763085221', 6, 0, 3, 'admin'),
('SCAN/00402/1314', '2013-08-27 00:00:00', 1, '01760920065', 6, 0, 3, 'admin'),
('SCAN/00403/1314', '2013-08-27 00:00:00', 1, '01763952811', 6, 0, 3, 'admin'),
('SCAN/00404/1314', '2013-08-27 00:00:00', 1, '01760599867', 6, 0, 3, 'admin'),
('SCAN/00405/1314', '2013-08-27 00:00:00', 1, '01760971755', 6, 0, 3, 'admin'),
('SCAN/00406/1314', '2013-08-27 00:00:00', 1, '01761074493', 6, 0, 3, 'admin'),
('SCAN/00407/1314', '2013-08-27 00:00:00', 1, '01760971813', 6, 0, 3, 'admin'),
('SCAN/00408/1314', '2013-08-27 00:00:00', 1, '01763087387', 6, 0, 3, 'admin'),
('SCAN/00409/1314', '2013-08-27 00:00:00', 1, '01760937415', 6, 0, 3, 'admin'),
('SCAN/00410/1314', '2013-08-27 00:00:00', 1, '01763085606', 6, 0, 3, 'admin'),
('SCAN/00411/1314', '2013-08-27 00:00:00', 1, '01763055607', 6, 0, 3, 'admin'),
('SCAN/00412/1314', '2013-08-27 00:00:00', 1, '01763952794', 6, 0, 3, 'admin'),
('SCAN/00413/1314', '2013-08-27 00:00:00', 1, '01763952793', 6, 0, 3, 'admin'),
('SCAN/00414/1314', '2013-08-27 00:00:00', 1, '01763952802', 6, 0, 3, 'admin'),
('SCAN/00415/1314', '2013-08-27 00:00:00', 1, '01763087374', 6, 0, 3, 'admin'),
('SCAN/00416/1314', '2013-08-27 00:00:00', 1, '01761074495', 6, 0, 3, 'admin'),
('SCAN/00417/1314', '2013-08-27 00:00:00', 1, '01760971717', 6, 0, 3, 'admin'),
('SCAN/00418/1314', '2013-08-28 00:00:00', 1, '01763085604', 6, 0, 3, 'admin'),
('SCAN/00419/1314', '2013-08-28 00:00:00', 1, '01763173698', 6, 0, 3, 'admin'),
('SCAN/00420/1314', '2013-08-28 00:00:00', 1, '01760706605', 6, 0, 3, 'admin'),
('SCAN/00421/1314', '2013-08-28 00:00:00', 1, '01760706634', 6, 0, 3, 'admin'),
('SCAN/00422/1314', '2013-08-28 00:00:00', 1, '01760706673', 6, 0, 3, 'admin'),
('SCAN/00423/1314', '2013-08-28 00:00:00', 1, '01760688355', 6, 0, 3, 'admin'),
('SCAN/00424/1314', '2013-08-28 00:00:00', 1, '01763085222', 6, 0, 3, 'admin'),
('SCAN/00425/1314', '2013-08-28 00:00:00', 1, '01760706700', 6, 0, 3, 'admin'),
('SCAN/00426/1314', '2013-08-28 00:00:00', 1, '01763087862', 6, 0, 3, 'admin'),
('SCAN/00427/1314', '2013-08-28 00:00:00', 1, '01762225482', 6, 0, 3, 'admin'),
('SCAN/00428/1314', '2013-08-28 00:00:00', 1, '01760629105', 6, 0, 3, 'admin'),
('SCAN/00429/1314', '2013-08-28 00:00:00', 1, '01760920314', 6, 0, 3, 'admin'),
('SCAN/00430/1314', '2013-08-28 00:00:00', 1, '01760688714', 6, 0, 3, 'admin'),
('SCAN/00431/1314', '2013-08-28 00:00:00', 1, '01760688713', 6, 0, 3, 'admin'),
('SCAN/00432/1314', '2013-08-28 00:00:00', 1, '01760608875', 6, 0, 3, 'admin'),
('SCAN/00433/1314', '2013-08-28 00:00:00', 1, '01760629111', 6, 0, 3, 'admin'),
('SCAN/00434/1314', '2013-08-28 00:00:00', 1, '01760971745', 6, 0, 3, 'admin'),
('SCAN/00435/1314', '2013-08-28 00:00:00', 1, '01762225480', 6, 0, 3, 'admin'),
('SCAN/00436/1314', '2013-08-28 00:00:00', 1, '01760971812', 6, 0, 3, 'admin'),
('SCAN/00437/1314', '2013-08-28 00:00:00', 1, '01762330329', 6, 0, 3, 'admin'),
('SCAN/00438/1314', '2013-08-28 00:00:00', 1, '01760706680', 6, 0, 3, 'admin'),
('SCAN/00439/1314', '2013-08-28 00:00:00', 1, '01762225882', 6, 0, 3, 'admin'),
('SCAN/00440/1314', '2013-08-28 00:00:00', 1, '01760688602', 6, 0, 3, 'admin'),
('SCAN/00441/1314', '2013-08-28 00:00:00', 1, '01763952807', 7, 0, 3, 'admin'),
('SCAN/00442/1314', '2013-08-30 00:00:00', 1, '01760971732', 6, 0, 3, 'admin'),
('SCAN/00443/1314', '2013-08-30 00:00:00', 1, '01763173699', 6, 0, 3, 'admin'),
('SCAN/00444/1314', '2013-08-30 00:00:00', 1, '01760971793', 7, 0, 3, 'admin'),
('SCAN/00445/1314', '2013-08-30 00:00:00', 1, '01762330332', 6, 0, 3, 'admin'),
('SCAN/00446/1314', '2013-08-30 00:00:00', 1, '01760688079', 6, 0, 3, 'admin'),
('SCAN/00447/1314', '2013-08-30 00:00:00', 1, '01763952810', 6, 0, 3, 'admin'),
('SCAN/00448/1314', '2013-08-30 00:00:00', 1, '01760688588', 5, 0, 3, 'admin'),
('SCAN/00449/1314', '2013-08-30 00:00:00', 1, '01760706696', 8, 0, 3, 'admin'),
('SCAN/00450/1314', '2013-08-30 00:00:00', 1, '01760920309', 6, 0, 3, 'admin'),
('SCAN/00451/1314', '2013-08-30 00:00:00', 1, '01763085866', 6, 0, 3, 'admin'),
('SCAN/00452/1314', '2013-08-30 00:00:00', 1, '01762225486', 6, 0, 3, 'admin'),
('SCAN/00453/1314', '2013-08-30 00:00:00', 1, '01762225889', 6, 0, 3, 'admin'),
('SCAN/00454/1314', '2013-08-30 00:00:00', 1, '01762330335', 6, 0, 3, 'admin'),
('SCAN/00455/1314', '2013-08-30 00:00:00', 1, '01760971797', 6, 0, 3, 'admin'),
('SCAN/00457/1314', '2013-08-31 00:00:00', 1, '01760706462', 6, 0, 3, 'admin'),
('SCAN/00458/1314', '2013-08-31 00:00:00', 1, '01763087371', 6, 0, 3, 'admin'),
('SCAN/00459/1314', '2013-08-31 00:00:00', 1, '01760920232', 6, 0, 3, 'admin'),
('SCAN/00460/1314', '2013-08-31 00:00:00', 1, '01760688208', 8, 0, 3, 'admin'),
('SCAN/00461/1314', '2013-08-31 00:00:00', 1, '01760706692', 6, 0, 3, 'admin'),
('SCAN/00464/1314', '2013-08-31 00:00:00', 1, '01760629113', 4, 0, 3, 'admin'),
('SCAN/00465/1314', '2013-08-31 00:00:00', 1, '01763087382', 6, 0, 3, 'admin'),
('SCAN/00466/1314', '2013-08-31 00:00:00', 1, '01760170714', 6, 0, 3, 'admin'),
('SCAN/00468/1314', '2013-09-01 00:00:00', 1, '01762330334', 6, 0, 3, 'admin'),
('SCAN/00469/1314', '2013-09-01 00:00:00', 1, '01760920318', 6, 0, 3, 'admin'),
('SCAN/00470/1314', '2013-09-01 00:00:00', 1, '01763085858', 6, 0, 3, 'admin'),
('SCAN/00471/1314', '2013-09-01 00:00:00', 1, '01760688727', 6, 0, 3, 'admin'),
('SCAN/00473/1314', '2013-09-01 00:00:00', 1, '01760450751', 6, 0, 3, 'admin'),
('SCAN/00474/1314', '2013-09-01 00:00:00', 1, '01761074052', 6, 0, 3, 'admin'),
('SCAN/00475/1314', '2013-09-01 00:00:00', 1, '01760920230', 6, 0, 3, 'admin'),
('SCAN/00476/1314', '2013-09-01 00:00:00', 1, '01760450764', 6, 0, 3, 'admin'),
('SCAN/00477/1314', '2013-09-01 00:00:00', 1, '01760599808', 6, 0, 3, 'admin'),
('SCAN/00478/1314', '2013-09-01 00:00:00', 1, '01760629100', 4, 0, 3, 'admin'),
('SCAN/00479/1314', '2013-09-01 00:00:00', 1, '01760706626', 6, 0, 3, 'admin'),
('SCAN/00480/1314', '2013-09-01 00:00:00', 1, '01760411096', 6, 0, 3, 'admin'),
('SCAN/00483/1314', '2013-09-01 00:00:00', 1, '01763087863', 8, 0, 3, 'admin'),
('SCAN/00484/1314', '2013-09-02 00:00:00', 1, '01760706633', 6, 0, 3, 'admin'),
('SCAN/00485/1314', '2013-09-02 00:00:00', 1, '01760706661', 6, 0, 3, 'admin'),
('SCAN/00487/1314', '2013-09-02 00:00:00', 1, '01760688724', 5, 0, 3, 'admin'),
('SCAN/00488/1314', '2013-09-02 00:00:00', 1, '01760706637', 6, 0, 3, 'admin'),
('SCAN/00489/1314', '2013-09-02 00:00:00', 1, '01760929106', 6, 0, 3, 'admin'),
('SCAN/00490/1314', '2013-09-02 00:00:00', 1, '01761074078', 6, 0, 3, 'admin'),
('SCAN/00491/1314', '2013-09-02 00:00:00', 1, '01760688343', 6, 0, 3, 'admin'),
('SCAN/00492/1314', '2013-09-02 00:00:00', 1, '01760706620', 6, 0, 3, 'admin'),
('SCAN/00493/1314', '2013-09-02 00:00:00', 1, '01760706619', 6, 0, 3, 'admin'),
('SCAN/00494/1314', '2013-09-02 00:00:00', 1, '01763087850', 6, 0, 3, 'admin'),
('SCAN/00495/1314', '2013-09-02 00:00:00', 1, '01760706679', 6, 0, 3, 'admin'),
('SCAN/00496/1314', '2013-09-03 00:00:00', 1, '01760599674', 6, 0, 3, 'admin'),
('SCAN/00497/1314', '2013-09-03 00:00:00', 1, '01760608798', 6, 0, 3, 'admin'),
('SCAN/00498/1314', '2013-09-03 00:00:00', 1, '01760423028', 6, 0, 3, 'admin'),
('SCAN/00499/1314', '2013-09-03 00:00:00', 1, '01760688702', 6, 0, 3, 'admin'),
('SCAN/00501/1314', '2013-09-03 00:00:00', 1, '01760688701', 5, 0, 3, 'admin'),
('SCAN/00502/1314', '2013-09-03 00:00:00', 1, '01760920315', 6, 0, 3, 'admin'),
('SCAN/00503/1314', '2013-09-03 00:00:00', 1, '01763085596', 6, 0, 3, 'admin'),
('SCAN/00504/1314', '2013-09-03 00:00:00', 1, '01760688197', 4, 0, 3, 'admin'),
('SCAN/00505/1314', '2013-09-03 00:00:00', 1, '01760688200', 6, 0, 3, 'admin'),
('SCAN/00506/1314', '2013-09-03 00:00:00', 1, '01760688723', 6, 0, 3, 'admin'),
('SCAN/00507/1314', '2013-09-03 00:00:00', 1, '01760600227', 6, 0, 3, 'admin'),
('SCAN/00509/1314', '2013-09-03 00:00:00', 1, '01763088715', 6, 0, 3, 'admin'),
('SCAN/00510/1314', '2013-09-03 00:00:00', 1, '01760920228', 6, 0, 3, 'admin'),
('SCAN/00511/1314', '2013-09-03 00:00:00', 1, '01763085854', 6, 0, 3, 'admin'),
('SCAN/00513/1314', '2013-09-03 00:00:00', 1, '01760971736', 6, 0, 3, 'admin'),
('SCAN/00514/1314', '2013-09-03 00:00:00', 1, '01763087378', 5, 0, 3, 'admin'),
('SCAN/00515/1314', '2013-09-03 00:00:00', 1, '01760688721', 6, 0, 3, 'admin'),
('SCAN/00516/1314', '2013-09-03 00:00:00', 1, '01760688722', 4, 0, 3, 'admin'),
('SCAN/00517/1314', '2013-09-03 00:00:00', 1, '01761074077', 6, 0, 3, 'admin'),
('SCAN/00518/1314', '2013-09-03 00:00:00', 1, '01760688731', 6, 0, 3, 'admin'),
('SCAN/00519/1314', '2013-09-03 00:00:00', 1, '01763087849', 6, 0, 3, 'admin'),
('SCAN/00520/1314', '2013-09-04 00:00:00', 1, '01760920066', 6, 0, 3, 'admin'),
('SCAN/00521/1314', '2013-09-04 00:00:00', 1, '01760688184', 6, 0, 3, 'admin'),
('SCAN/00523/1314', '2013-09-04 00:00:00', 1, '01760688183', 4, 0, 3, 'admin'),
('SCAN/00524/1314', '2013-09-04 00:00:00', 1, '017606207574', 6, 0, 3, 'admin'),
('SCAN/00525/1314', '2013-09-04 00:00:00', 1, '01763085853', 8, 0, 3, 'admin'),
('SCAN/00526/1314', '2013-09-04 00:00:00', 1, '01760706659', 4, 0, 3, 'admin'),
('SCAN/00527/1314', '2013-09-04 00:00:00', 1, '01760706611', 6, 0, 3, 'admin'),
('SCAN/00528/1314', '2013-09-04 00:00:00', 1, '01760920310', 6, 0, 3, 'admin'),
('SCAN/00529/1314', '2013-09-04 00:00:00', 1, '01760971730', 5, 0, 3, 'admin'),
('SCAN/00530/1314', '2013-09-04 00:00:00', 1, '01763952816', 6, 0, 3, 'admin'),
('SCAN/00531/1314', '2013-09-04 00:00:00', 1, '01760688178', 6, 0, 3, 'admin'),
('SCAN/00532/1314', '2013-09-04 00:00:00', 1, '01760688698', 6, 0, 3, 'admin'),
('SCAN/00533/1314', '2013-09-04 00:00:00', 1, '01760688733', 6, 0, 3, 'admin'),
('SCAN/00535/1314', '2013-09-04 00:00:00', 1, '01760920162', 6, 0, 3, 'admin'),
('SCAN/00536/1314', '2013-09-04 00:00:00', 1, '01763085217', 6, 0, 3, 'admin'),
('SCAN/00537/1314', '2013-09-04 00:00:00', 1, '01760920316', 6, 0, 3, 'admin'),
('SCAN/00538/1314', '2013-09-04 00:00:00', 1, '01760706671', 6, 0, 3, 'admin'),
('SCAN/00539/1314', '2013-09-05 00:00:00', 1, '01763952782', 6, 0, 3, 'admin'),
('SCAN/00540/1314', '2013-09-05 00:00:00', 1, '01760971810', 6, 0, 3, 'admin'),
('SCAN/00541/1314', '2013-09-05 00:00:00', 1, '01760688738', 4, 0, 3, 'admin'),
('SCAN/00542/1314', '2013-09-05 00:00:00', 1, '01763952815', 6, 0, 3, 'admin'),
('SCAN/00543/1314', '2013-09-05 00:00:00', 1, '01760706657', 6, 0, 3, 'admin'),
('SCAN/00544/1314', '2013-09-05 00:00:00', 1, '01760688719', 5, 0, 3, 'admin'),
('SCAN/00545/1314', '2013-09-05 00:00:00', 1, '01760688718', 6, 0, 3, 'admin'),
('SCAN/00546/1314', '2013-09-05 00:00:00', 1, '01763952780', 7, 0, 3, 'admin'),
('SCAN/00547/1314', '2013-09-06 00:00:00', 1, '01760688084', 6, 0, 3, 'admin'),
('SCAN/00548/1314', '2013-09-06 00:00:00', 1, '01760629031', 6, 0, 3, 'admin'),
('SCAN/00549/1314', '2013-09-06 00:00:00', 1, '01762225483', 6, 0, 3, 'admin'),
('SCAN/00550/1314', '2013-09-06 00:00:00', 1, '01762225481', 4, 0, 3, 'admin'),
('SCAN/00551/1314', '2013-09-06 00:00:00', 1, '01760688726', 6, 0, 3, 'admin'),
('SCAN/00552/1314', '2013-09-06 00:00:00', 1, '01763085226', 5, 0, 3, 'admin'),
('SCAN/00553/1314', '2013-09-06 00:00:00', 1, '01760688725', 5, 0, 3, 'admin'),
('SCAN/00554/1314', '2013-09-06 00:00:00', 1, '01760607556', 6, 0, 3, 'admin'),
('SCAN/00556/1314', '2013-09-06 00:00:00', 1, '01760629099', 6, 0, 3, 'admin'),
('SCAN/00557/1314', '2013-09-06 00:00:00', 1, '01760706697', 6, 0, 3, 'admin'),
('SCAN/00558/1314', '2013-09-06 00:00:00', 1, '01760920313', 6, 0, 3, 'admin'),
('SCAN/00559/1314', '2013-09-06 00:00:00', 1, '01760920156', 6, 0, 3, 'admin'),
('SCAN/00560/1314', '2013-09-06 00:00:00', 1, '01760971789', 6, 0, 3, 'admin'),
('SCAN/00561/1314', '2013-09-06 00:00:00', 1, '01760706645', 6, 0, 3, 'admin'),
('SCAN/00562/1314', '2013-09-06 00:00:00', 1, '01760920062', 6, 0, 3, 'admin'),
('SCAN/00563/1314', '2013-09-06 00:00:00', 1, '01760688188', 4, 0, 3, 'admin'),
('SCAN/00564/1314', '2013-09-06 00:00:00', 1, '01760688187', 4, 0, 3, 'admin'),
('SCAN/00565/1314', '2013-09-06 00:00:00', 1, '01760599807', 4, 0, 3, 'admin'),
('SCAN/00566/1314', '2013-09-06 00:00:00', 1, '01763088776', 6, 0, 3, 'admin'),
('SCAN/00567/1314', '2013-09-06 00:00:00', 1, '01760629034', 6, 0, 3, 'admin'),
('SCAN/00568/1314', '2013-09-06 00:00:00', 1, '01760450117', 5, 0, 3, 'admin'),
('SCAN/00570/1314', '2013-09-06 00:00:00', 1, '01760971761', 6, 0, 3, 'admin'),
('SCAN/00571/1314', '2013-09-06 00:00:00', 1, '01763952799', 6, 0, 3, 'admin'),
('SCAN/00572/1314', '2013-09-06 00:00:00', 1, '01760706614', 6, 0, 3, 'admin'),
('SCAN/00573/1314', '2013-09-06 00:00:00', 1, '01760706621', 5, 0, 3, 'admin'),
('SCAN/00574/1314', '2013-09-06 00:00:00', 1, '01760971746', 6, 0, 3, 'admin'),
('SCAN/00575/1314', '2013-09-06 00:00:00', 1, '01760706613', 6, 0, 3, 'admin'),
('SCAN/00576/1314', '2013-09-06 00:00:00', 1, '01760620311', 6, 0, 3, 'admin'),
('SCAN/00577/1314', '2013-09-06 00:00:00', 1, '01760688730', 6, 0, 3, 'admin'),
('SCAN/00578/1314', '2013-09-06 00:00:00', 1, '01760971801', 7, 0, 3, 'admin'),
('SCAN/00579/1314', '2013-09-06 00:00:00', 1, '01760629028', 7, 0, 3, 'admin'),
('SCAN/00581/1314', '2013-09-06 00:00:00', 1, '01760920312', 6, 0, 3, 'admin'),
('SCAN/00582/1314', '2013-09-06 00:00:00', 1, '01760920221', 6, 0, 3, 'admin'),
('SCAN/00583/1314', '2013-09-06 00:00:00', 1, '01763952817', 5, 0, 3, 'admin'),
('SCAN/00584/1314', '2013-09-06 00:00:00', 1, '01760920157', 6, 0, 3, 'admin'),
('SCAN/00585/1314', '2013-09-06 00:00:00', 1, '01760971729', 6, 0, 3, 'admin'),
('SCAN/00586/1314', '2013-09-06 00:00:00', 1, '01760920321', 5, 0, 3, 'admin'),
('SCAN/00587/1314', '2013-09-06 00:00:00', 1, '01760608850', 4, 0, 3, 'admin'),
('SCAN/00588/1314', '2013-09-06 00:00:00', 1, '01760706608', 6, 0, 3, 'admin'),
('SCAN/00589/1314', '2013-09-06 00:00:00', 1, '01763085210', 6, 0, 3, 'admin'),
('SCAN/00590/1314', '2013-09-06 00:00:00', 1, '01763952800', 6, 0, 3, 'admin'),
('SCAN/00592/1314', '2013-09-06 00:00:00', 1, '01763085862', 6, 0, 3, 'admin'),
('SCAN/00593/1314', '2013-09-06 00:00:00', 1, '01762433833', 6, 0, 3, 'admin'),
('SCAN/00596/1314', '2013-09-06 00:00:00', 1, '01763952801', 6, 0, 3, 'admin'),
('SCAN/00597/1314', '2013-09-06 00:00:00', 1, '01762225489', 6, 0, 3, 'admin'),
('SCAN/00598/1314', '2013-09-07 00:00:00', 1, '01763173695', 5, 0, 3, 'admin'),
('SCAN/00602/1314', '2013-09-07 00:00:00', 1, '01760920225', 6, 0, 3, 'admin'),
('SCAN/00603/1314', '2013-09-07 00:00:00', 1, '01760688189', 6, 0, 3, 'admin'),
('SCAN/00604/1314', '2013-09-07 00:00:00', 1, '01760688695', 6, 0, 3, 'admin'),
('SCAN/00605/1314', '2013-09-07 00:00:00', 1, '01760706616', 6, 0, 3, 'admin'),
('SCAN/00606/1314', '2013-09-07 00:00:00', 1, '01760971775', 6, 0, 3, 'admin'),
('SCAN/00607/1314', '2013-09-07 00:00:00', 1, '01760706461', 6, 0, 3, 'admin'),
('SCAN/00608/1314', '2013-09-07 00:00:00', 1, '01760608718', 6, 0, 3, 'admin'),
('SCAN/00609/1314', '2013-09-07 00:00:00', 1, '01760688705', 6, 0, 3, 'admin'),
('SCAN/00610/1314', '2013-09-07 00:00:00', 1, '01760599806', 6, 0, 3, 'admin'),
('SCAN/00611/1314', '2013-09-07 00:00:00', 1, '01760453936', 6, 0, 3, 'admin'),
('SCAN/00612/1314', '2013-09-07 00:00:00', 1, '01761074094', 6, 0, 3, 'admin'),
('SCAN/00613/1314', '2013-09-07 00:00:00', 1, '01762330331', 6, 0, 3, 'admin'),
('SCAN/00614/1314', '2013-09-07 00:00:00', 1, '01763085850', 6, 0, 3, 'admin'),
('SCAN/00615/1314', '2013-09-07 00:00:00', 1, '01760706638', 6, 0, 3, 'admin'),
('SCAN/00616/1314', '2013-09-07 00:00:00', 1, '017609717796', 5, 0, 3, 'admin'),
('SCAN/00617/1314', '2013-09-07 00:00:00', 1, '01763085852', 6, 0, 3, 'admin'),
('SCAN/00618/1314', '2013-09-07 00:00:00', 1, '01760706628', 6, 0, 3, 'admin'),
('SCAN/00619/1314', '2013-09-07 00:00:00', 1, '01760688092', 6, 0, 3, 'admin'),
('SCAN/00621/1314', '2013-09-07 00:00:00', 1, '01760688090', 6, 0, 3, 'admin'),
('SCAN/00622/1314', '2013-09-07 00:00:00', 1, '01760706612', 6, 0, 3, 'admin'),
('SCAN/00623/1314', '2013-09-07 00:00:00', 1, '01760971792', 4, 0, 3, 'admin'),
('SCAN/00626/1314', '2013-09-07 00:00:00', 1, '01760688345', 6, 0, 3, 'admin'),
('SCAN/00627/1314', '2013-09-07 00:00:00', 1, '01760971064', 6, 0, 3, 'admin'),
('SCAN/00630/1314', '2013-09-07 00:00:00', 1, '01760629115', 6, 0, 3, 'admin'),
('SCAN/00631/1314', '2013-09-07 00:00:00', 1, '01760450765', 4, 0, 3, 'admin'),
('SCAN/00632/1314', '2013-09-07 00:00:00', 1, '01760418210', 6, 0, 3, 'admin'),
('SCAN/00633/1314', '2013-09-07 00:00:00', 1, '01763952783', 6, 0, 3, 'admin'),
('SCAN/00634/1314', '2013-09-07 00:00:00', 1, '01760688584', 6, 0, 3, 'admin'),
('SCAN/00635/1314', '2013-09-07 00:00:00', 1, '01760688198', 6, 0, 3, 'admin'),
('SCAN/00637/1314', '2013-09-07 00:00:00', 1, '01763173705', 6, 0, 3, 'admin'),
('SCAN/00638/1314', '2013-09-07 00:00:00', 1, '01763087857', 8, 0, 3, 'admin'),
('SCAN/00639/1314', '2013-09-07 00:00:00', 1, '01762329962', 6, 0, 3, 'admin'),
('SCAN/00641/1314', '2013-09-07 00:00:00', 1, '01760971716', 6, 0, 3, 'admin'),
('SCAN/00642/1314', '2013-09-07 00:00:00', 1, '01760706663', 6, 0, 3, 'admin'),
('SCAN/00643/1314', '2013-09-07 00:00:00', 1, '01760620312', 6, 0, 3, 'admin'),
('SCAN/00644/1314', '2013-09-07 00:00:00', 1, '01763085605', 6, 0, 3, 'admin'),
('SCAN/00645/1314', '2013-09-07 00:00:00', 1, '01763173690', 6, 0, 3, 'admin'),
('SCAN/00646/1314', '2013-09-07 00:00:00', 1, '01760450752', 6, 0, 3, 'admin'),
('SCAN/00647/1314', '2013-09-07 00:00:00', 1, '01760706460', 6, 0, 3, 'admin'),
('SCAN/00648/1314', '2013-09-07 00:00:00', 1, '017610740916', 6, 0, 3, 'admin'),
('SCAN/00649/1314', '2013-09-07 00:00:00', 1, '01760706687', 6, 0, 3, 'admin'),
('SCAN/00650/1314', '2013-09-07 00:00:00', 1, '01760706464', 6, 0, 3, 'admin'),
('SCAN/00651/1314', '2013-09-07 00:00:00', 1, '01760607573', 4, 0, 3, 'admin'),
('SCAN/00652/1314', '2013-09-07 00:00:00', 1, '01763088780', 6, 0, 3, 'admin'),
('SCAN/00654/1314', '2013-09-07 00:00:00', 1, '01760706456', 7, 0, 3, 'admin'),
('SCAN/00655/1314', '2013-09-07 00:00:00', 1, '01760971783', 6, 0, 3, 'admin'),
('SCAN/00660/1314', '2013-10-09 00:00:00', 1, '01760191614', 6, 0, 3, 'admin'),
('SCAN/00662/1314', '2013-11-11 00:00:00', 1, '01760599645', 5, 0, 3, 'biju'),
('SCAN/00663/1314', '2013-11-11 00:00:00', 1, '01760688593', 4, 0, 3, 'biju'),
('SCAN/00665/1314', '2013-11-11 00:00:00', 1, '01760688183', 4, 0, 3, 'ronit'),
('SCAN/00666/1314', '2013-11-11 00:00:00', 1, '01760607573', 4, 0, 3, 'ronit'),
('SCAN/00667/1314', '2013-11-11 00:00:00', 1, '01760688212', 5, 0, 3, 'ronit'),
('SCAN/00670/1314', '2013-11-13 00:00:00', 1, '01760599807', 4, 0, 3, 'ronit'),
('SCAN/00671/1314', '2013-11-13 00:00:00', 1, '01760450765', 4, 0, 3, 'biju'),
('SCAN/00675/1314', '2013-11-16 00:00:00', 1, '854154477777', 5, 0, 3, 'biju'),
('SCAN/00676/1314', '2013-11-24 00:00:00', 1, '01760411096', 6, 0, 3, 'biju'),
('SCAN/00680/1314', '2013-12-17 00:00:00', 1, '1234678', 5, 0, 3, 'biju'),
('SCAN/00681/1314', '2013-11-17 00:00:00', 1, '1234678', 6, 0, 3, 'biju'),
('SCAN/00682/1314', '2014-01-09 00:00:00', 1, '015478899777', 6, 0, 3, 'biju'),
('SCAN/00684/1314', '2014-01-10 00:00:00', 1, '01760607573', 4, 0, 3, 'ronit'),
('SCAN/00685/1314', '2014-01-23 00:00:00', 1, '104484877', 7, 0, 3, 'ronit'),
('SCAN/00686/1314', '2014-01-23 00:00:00', 1, '01760607573', 4, 0, 3, 'ronit'),
('SCAN/0913/1012', '2013-09-08 00:00:00', 1, '01760920166', 6, 0, 0, 'admin'),
('SCAN/0913/1015', '2013-09-08 00:00:00', 1, '01763087376', 6, 0, 0, 'admin'),
('SCAN/0913/1016', '2013-09-08 00:00:00', 1, '01763088778', 6, 0, 0, 'admin');

-- --------------------------------------------------------

--
-- Table structure for table `call_booking`
--

CREATE TABLE IF NOT EXISTS `call_booking` (
  `book_id` int(11) NOT NULL AUTO_INCREMENT,
  `emp_id` varchar(11) DEFAULT NULL,
  `vcno` int(11) DEFAULT NULL,
  `problem` varchar(200) DEFAULT NULL,
  `status` int(2) DEFAULT '0',
  `book_date` date DEFAULT NULL,
  `user_id` varchar(20) DEFAULT NULL,
  `done_date` date DEFAULT NULL,
  PRIMARY KEY (`book_id`)
) ENGINE=InnoDB  DEFAULT CHARSET=latin1 AUTO_INCREMENT=10 ;

--
-- Dumping data for table `call_booking`
--

INSERT INTO `call_booking` (`book_id`, `emp_id`, `vcno`, `problem`, `status`, `book_date`, `user_id`, `done_date`) VALUES
(5, 'emp004', 1760607573, 'Power off', 1, '2014-01-25', NULL, NULL),
(7, 'emp004', 1760688705, 'Does not working properly', 0, '2014-01-25', NULL, NULL),
(8, 'emp004', 1760599808, 'Challan are not showing proberly', 1, '2014-01-24', 'ronit', NULL),
(9, 'emp004', 1760629032, 'Challan are not showing proberly', 1, '2014-01-24', 'ronit', '2014-01-24');

-- --------------------------------------------------------

--
-- Table structure for table `channels`
--

CREATE TABLE IF NOT EXISTS `channels` (
  `channel_name` varchar(50) NOT NULL DEFAULT '',
  `channel_amount` double(12,2) DEFAULT NULL,
  PRIMARY KEY (`channel_name`)
) ENGINE=InnoDB DEFAULT CHARSET=latin1;

--
-- Dumping data for table `channels`
--

INSERT INTO `channels` (`channel_name`, `channel_amount`) VALUES
('Action TV', 10.00),
('ANIMAX', 7.00),
('BABY TV', 15.00),
('CARTOON NETWORK', 15.00),
('CNBC AWAAZ', 7.00),
('CNBC TV 18', 10.00),
('DISCOVERY KIDS', 15.00),
('DISCOVERY SCINCE', 13.00),
('DISNEY', 10.00),
('DISNEY XD', 12.00),
('DIVYA', 8.00),
('ESPN', 26.00),
('ET NOW', 10.00),
('FOX TRAVEL BENGALI', 8.00),
('HBO', 20.00),
('HOME TV', 10.00),
('HUNGAMA', 10.00),
('MOVIES NOW', 40.00),
('NEO SPORTS', 15.00),
('NICK', 10.00),
('NICK JUNIOR', 10.00),
('PIX', 15.00),
('POGO', 15.00),
('Set Max', 15.00),
('SONICK', 8.00),
('SONY SIX', 30.00),
('STAR CRICKET', 28.00),
('STAR JALSA', 5.00),
('STAR MOVIES', 20.00),
('STAR MOVIES ACTION', 15.00),
('STAR SPORTS', 24.00),
('STAR SPORTS 2', 43.00),
('TEN ACTION', 17.00),
('TEN CRICKET', 22.00),
('TEN SPORTS', 15.00),
('TIMES NOW', 10.00),
('TRACE SPORTS', 5.00),
('UTV WORLD MOVIES', 15.00),
('WB', 12.00),
('ZEE BANGLA', 5.00),
('ZEE CLASSIC', 10.00),
('ZEE Q', 90.00);

-- --------------------------------------------------------

--
-- Table structure for table `channel_to_customer`
--

CREATE TABLE IF NOT EXISTS `channel_to_customer` (
  `vcno` varchar(50) CHARACTER SET utf8 NOT NULL DEFAULT '',
  `channel_name` varchar(50) DEFAULT NULL,
  `channel_amount` double DEFAULT NULL,
  `channel_to_customer_id` int(11) NOT NULL AUTO_INCREMENT,
  PRIMARY KEY (`channel_to_customer_id`),
  UNIQUE KEY `Uni_key_ctc` (`vcno`,`channel_name`),
  KEY `fk_channel_name` (`channel_name`)
) ENGINE=InnoDB  DEFAULT CHARSET=latin1 AUTO_INCREMENT=43 ;

--
-- Dumping data for table `channel_to_customer`
--

INSERT INTO `channel_to_customer` (`vcno`, `channel_name`, `channel_amount`, `channel_to_customer_id`) VALUES
('124577', 'Action TV', 10, 1),
('01760920166', 'FOX TRAVEL BENGALI', 8, 2),
('01760920166', 'TEN ACTION', 17, 3),
('01760688604', 'DISCOVERY SCINCE', 13, 4),
('01763085862', 'ET NOW', 10, 5),
('01761074492', 'TEN SPORTS', 15, 6),
('01760920156', 'TIMES NOW', 10, 7),
('01763087856', 'POGO', 15, 8),
('01763087856', 'CARTOON NETWORK', 15, 9),
('01763087856', 'ZEE BANGLA', 5, 10),
('01763087856', 'STAR JALSA', 5, 11),
('01760971763', 'ANIMAX', 7, 12),
('01760706640', 'STAR SPORTS', 25, 13),
('01760706640', 'TEN ACTION', 17, 14),
('01760706640', 'STAR SPORTS 2', 43, 15),
('01760920222', 'TEN ACTION', 17, 16),
('01760423046', 'HOME TV', 10, 17),
('01760971740', 'HBO', 20, 18),
('01760688207', 'ZEE CLASSIC', 10, 19),
('01760688701', 'TIMES NOW', 10, 20),
('01760706697', 'DIVYA', 8, 21),
('01760920312', 'PIX', 15, 22),
('01760920312', 'ANIMAX', 7, 26),
('01760920312', 'SONICK', 8, 27),
('01763085862', 'CNBC TV 18', 10, 28),
('01763952783', 'DISCOVERY SCINCE', 15, 29),
('01763088778', 'HOME TV', 10, 31),
('01760191614', 'HBO', 20, 32),
('01760194927', 'DISCOVERY SCINCE', 13, 33),
('01760191614', 'CNBC TV 18', 10, 34),
('01760194927', 'ESPN', 26, 35),
('01760411096', 'Action TV', 10, 36),
('01760411096', 'CARTOON NETWORK', 15, 37),
('854154477777', 'HBO', 20, 38),
('854154477777', 'Action TV', 10, 39),
('1234678', 'HBO', 20, 40),
('1234678', 'STAR MOVIES ACTION', 15, 41),
('1234678', 'ESPN', 26, 42);

-- --------------------------------------------------------

--
-- Table structure for table `company`
--

CREATE TABLE IF NOT EXISTS `company` (
  `id` int(11) unsigned NOT NULL AUTO_INCREMENT,
  `company_name` varchar(100) NOT NULL DEFAULT '',
  `company_mailing_name` varchar(100) DEFAULT NULL,
  `company_address1` varchar(255) DEFAULT NULL,
  `company_address2` varchar(255) DEFAULT NULL,
  `company_pincode` varchar(20) DEFAULT NULL,
  `company_state` varchar(20) DEFAULT NULL,
  `company_city` varchar(20) DEFAULT NULL,
  `company_mobile` varchar(20) DEFAULT NULL,
  `company_phone` varchar(20) DEFAULT NULL,
  `company_email` varchar(100) DEFAULT NULL,
  `company_fax` varchar(20) DEFAULT NULL,
  `company_service_tax_percentage` double DEFAULT NULL,
  `company_service_tax_no` varchar(50) DEFAULT NULL,
  `company_amusement_no` varchar(50) DEFAULT NULL,
  `company_amusement_charges` double DEFAULT NULL,
  `company_remarks` varchar(255) DEFAULT NULL,
  PRIMARY KEY (`id`)
) ENGINE=InnoDB  DEFAULT CHARSET=latin1 AUTO_INCREMENT=2 ;

--
-- Dumping data for table `company`
--

INSERT INTO `company` (`id`, `company_name`, `company_mailing_name`, `company_address1`, `company_address2`, `company_pincode`, `company_state`, `company_city`, `company_mobile`, `company_phone`, `company_email`, `company_fax`, `company_service_tax_percentage`, `company_service_tax_no`, `company_amusement_no`, `company_amusement_charges`, `company_remarks`) VALUES
(1, 'BARRACKPORE CENTRAL CABLE NETWORK', 'SCAN CABLE NETWORK (Authorised Cable Operator)', '31, Shibtala Road, P.O. Nonachandanpukur, Bkp', '', '700122', 'West Bengle', 'barrackpore', '9331541345', '033-45120-211', 'anik@gmail.com', '98456599845', 12.36, 'ABCR4726QST002', '1/ATS/CAL1500', 10, '');

-- --------------------------------------------------------

--
-- Table structure for table `customers`
--

CREATE TABLE IF NOT EXISTS `customers` (
  `customer_name` varchar(50) NOT NULL,
  `customer_phone` varchar(13) NOT NULL,
  `customer_email` varchar(50) DEFAULT NULL,
  `customer_address` varchar(200) DEFAULT NULL,
  `customer_mobile` varchar(20) DEFAULT NULL,
  `customer_type` varchar(20) DEFAULT NULL,
  `customer_vcno` varchar(50) NOT NULL,
  `customer_id_no` varchar(20) DEFAULT NULL,
  `plan_id` int(11) DEFAULT NULL,
  PRIMARY KEY (`customer_vcno`)
) ENGINE=InnoDB DEFAULT CHARSET=utf8;

--
-- Dumping data for table `customers`
--

INSERT INTO `customers` (`customer_name`, `customer_phone`, `customer_email`, `customer_address`, `customer_mobile`, `customer_type`, `customer_vcno`, `customer_id_no`, `plan_id`) VALUES
('PINKI GHOSH', '', '', 'HORISHABA', '9051906728', 'Voter Card', '015478899777', '058487878', 6),
('SWARUP DEY SARKAR', '', '', 'PANCHANAN TALA BARRAKCPORE KOL-700122', '9831310081', '', '01760170714', '', 6),
('SUBHASISH NASKAR', '', '', 'BANERJEE PARA BARRACKPORE KOL-700122', '9903565190', '', '01760191614', '', 6),
('UJJAL GHOSH', '', '', 'BANERJEE PARA BARRACKPORE KOL-700122', '9748811175', '', '01760194927', '', 6),
('PRABIR DAS', '', '', 'SHIBTALA ROAD,BARRACKPORE,700122', '9903901035', '', '01760318198', '', 6),
('ASIM KR SIKDAR', '', '', 'SANGHATISARANI,BARRACKPORE,700122', '9432317764', '', '01760411096', '', 6),
('KAMAL CHAKRABORTY', '', '', 'M MORE BARRACKPORE KOL-700122', '9830058044', '', '01760418210', '', 6),
('PARTHA KOLAY', '', '', 'SHIBTALA BARRAKCPORE KOL-700122', '9804164769', '', '01760423016', '', 6),
('INDRONIL CHOWDHURY', '', '', 'SHIBTALA BARRACKPORE KOL-700122', '9433325382', '', '01760423028', '', 6),
('KARTICK GHOSH', '', '', 'PANCHANAN TALA BARRACKPORE KOL-700122', '9038384597', '', '01760423046', '', 6),
('KOUSHIK RAKSHIT', '', '', 'SHIBTALA,BARRACKPORE,700122', '8902608082', '', '01760450117', '', 5),
('BULBUL BISWAS', '', '', 'PANCHANANTAL,BARRACKPORE,700122', '8697522188', '', '01760450348', '', 6),
('ASIT KUMAR BISWAS', '', '', 'PANCHANANTALA,BARRACKPORE,700122', '9143554356', '', '01760450349', '', 6),
('SHYAMAL KR NEOGI', '', '', 'SHIBTALA,BARRACKPORE,700122', '9831244525', '', '01760450751', '', 6),
('PRANAB KR MALLICK', '', '', 'GHOSH GACHI PARA BARRACKPORE KOL-700122', '9903910245', '', '01760450752', '', 6),
('KANAN UPADHYAY', '', '', 'SHIBTALA,BARRACKPORE,700122', '8584030747', '', '01760450764', '', 6),
('SUBRATA MOHON BAS(1)', '', '', 'M MORE BARRACKPORE KOL-700122', '9432449393', '', '01760450765', '', 4),
('DEBASISH SARKAR', '', '', 'BANERJEE PARA BARRACKPORE KOL-700122', '9433715189', '', '01760453936', '', 4),
('ASIT RANJAN SARKAR', '', '', 'SANGATI SARANI C LANE BARRACKPORE KOL-700122', '9674634630', '', '01760453937', '', 6),
('MANIK LAL GHOTAK', '', '', 'SANGATI SARANI BARRACKPORE KOL-700122', '8013075199', '', '01760599644', '', 6),
('SUDIPTO CHOWDHURY', '', '', 'SHIBTALA,BARRACKPORE,700122', '9831794939', '', '01760599645', '', 5),
('GOUTAM GHOSH', '', '', 'SHIBTALA ROAD, BARRACKPORE,700122', '9433230533', '', '01760599647', '', 6),
('TAPAN DAS', '', '', 'SHIBTALA BARRACKPORE KOL-700122', '9331541345', '', '01760599674', '', 6),
('ANIL SARKAR', '', '', 'BANERJEE PARA BARRACKPORE KOL-700122', '9433715189', '', '01760599806', '', 6),
('DOLA PRAMAMANICK', '', '', 'M MORE BARRACKPORE KOL-700122', '9331541345', '', '01760599807', '', 4),
('GOKUL KISHOR BANERJEE', '', '', 'SHIBTALA,BARRACKPORE,700122', '9239529592', '', '01760599808', '', 6),
('SHIBOMOY DUTTACHOWDHURY', '', '', 'SHIBTALA ROAD,BARRACKPORE,700122', '8584030747', '', '01760599867', '', 6),
('ASHIM ROY', '', '', 'RAMKRISNA PALLY BARRACKPORE KOL-700122', '9002071815', '', '01760599873', '', 6),
('DEBASISH CHATTERJEE', '', '', 'SHIBTALA RODE BARRACKPORE KOL-700122', '9331430682', '', '01760600227', '', 6),
('SUJOY BASAK', '', '', 'BANERJEE EAST BARRAKC PORE KOL-700122', '9903916595', '', '017606068848', '', 6),
('NANDALAL CHATTERJEE', '', '', 'SHIBTALA ROAD,BARRACKPORE,700122', '8584030747', '', '01760607475', '', 6),
('SANKAR DEY', '', '', 'SHIBTALA BARRACKPORE KOL-700122', '9432099700', '', '01760607556', '', 6),
('RADHESHYAM BANERJEE', '', '', 'SHIBTALA,BARRACKPORE,700122', '9874244074', '', '01760607573', '', 4),
('SUKANYA CHATTAPADHYAY', '', '', 'PANCHNANTALA BARRACKPORE 700122', '9007881032', '', '01760608713', '', 6),
('RATAN GHOSH', '', '', 'PANCHANAN TALA BARRACKPORE KOL-700122', '9903850717', '', '01760608718', '', 6),
('DILIP CHOWDHUERY', '', '', 'SHIB TALA BARRACKPORE KOL-700122', '9433325382', '', '01760608798', '', 6),
('NILRATAN CHAKRABORTY', '', '', 'SHINTALA ROAD BARACKPORE 700122', '9830765780', '', '01760608803', '', 6),
('AMIT ROY', '', '', '84/1 BANERJEEPARA ROAD,.BARRACKPORE,700122', '9830746426', '', '01760608850', '', 4),
('SATYAJIT ACHARJEE', '', '', 'BANERJEEPARA,BARRACKPORE,700122', '9830162467', '', '01760608875', '', 6),
('SHYAMAL GHOSH', '', '', 'MASIJIT MORE, BARRACKPORE,700122', '9432449163', '', '01760608876', '', 6),
('CHIRANJIB CHAKRABORTY', '', '', 'SHIBTALA ROAD, BARRACKPORE,700122', '9830784611', '', '01760608888', '', 6),
('UMANATH DEY', '', '', 'SHIBTALA BARRACKPORE KOL-700122', '9433176640', '', '01760620311', '', 6),
('URMITA BANERJEE', '', '', 'BANERJEE PARA BARRACKPORE KOL-700122', '9007591864', '', '01760620312', '', 6),
('KRISHNA GHOSH', '', '', 'SHIBTALA ROAD,KAMALA APPARTMENT,700122', '9477629032', '', '01760620314', '', 6),
('SAMAREDRANATH ROY', '', '', 'SANGHATISARANI,BARRACKPORE,700122', '9434164309', '', '017606207574', '', 6),
('MOHIT KR GHOSH', '', '', 'SHIBTALA ROAD,BARRACKPORE,700122', '9748240980', '', '01760629026', '', 6),
('S PRAMANICK', '', '', 'M MORE BARRACKPORE KOL-700122', '9932554920', '', '01760629028', '', 6),
('AMAL KR SEN', '', '', 'SHIBTALA BARRACKPORE KOL-700122', '9433425143', '', '01760629031', '', 6),
('BISWAJIT CHATTOPADHAY', '', '', 'PANCHANAN TALA BARRACKPORE KOL-700122', '9330929226', '', '01760629032', '', 6),
('SUPRIYA MALLICK', '', '', 'GHOSH GACHI PARA BARRACKPORE KOL-700122', '9831798004', '', '01760629033', '', 6),
('DHRUBAJYOTI GHOSH', '', '', 'GHOSHPARA,BARRACKPORE,700122', '9339429324', '', '01760629034', '', 6),
('DEBASISH GHOSH', '', '', 'GHOSH GACHUI PARA', '9432094970', '', '01760629035', '', 6),
('RABINDRA CH DEBNATH', '', '', 'PANCHANANTALA BARRACKPORE,700122', '9339030217', '', '01760629097', '', 6),
('A K BATABYAL', '', '', 'BANERJEE PARA BARRACKPROE KOL-700122', '9433736549', '', '01760629099', '', 6),
('DEBABRATA GUPTA', '', '', 'NAPITPARA,BARRACKPORE,700122', '9432959381', '', '01760629100', '', 4),
('SUBHAS DUTTA', '', '', 'SHIBTALA BARRACKPORE KOL-700122', '9804590383', '', '01760629103', '', 4),
('SAILENDRANATH GHOSH', '', '', 'GHOSHGACHUIPARA,BARRACKPORE,700122', '8584030747', '', '01760629105', '', 6),
('MRS MUKUL GHOSH', '', '', 'BANERJEE PARA BARRAKCPORE KOL-700122', '9831656364', '', '01760629108', '', 4),
('ALOKE GHOSH', '', '', 'BANERJEEPARA,BARRACKPORE,700122', '9051219622', '', '01760629111', '', 6),
('PARIMAL DEV', '', '', 'RAMKRISHNAPALLY BARRACKPORE,700122', '9433796215', '', '01760629112', '', 6),
('TARUN GHOSH', '', '', 'BANERJEEPARA,BARRACKPORE,700122', '9830562903', '', '01760629113', '', 4),
('PRABIR KR MITRA', '', '', 'BANERJEE PARA KOLKATA 700122', '9674247270', '', '01760629115', '', 6),
('KANTA CHAKRABORTY', '', '', 'SHIBTALA BARRACKPORE KOL-700122', '9331541345', '', '01760688076', '', 6),
('BADAL CH CHAKRABORTY', '', '', 'SHIB TALA BARRACKPORE KOL-700122', '9007314437', '', '01760688077', '', 6),
('MAYA CHAKRABORTY', '', '', 'SHIBTAL BARRACKPORE KOL-700122', '9331541345', '', '01760688078', '', 6),
('SHYAMAL SEN', '', '', 'RAMKRISHNAPALLY,BARRACKPORE,700122', '9163662098', '', '01760688079', '', 6),
('SARBAJOY SEN', '', '', 'PANCHANAN TALA BARRACKPORE KOL-700122', '9903084313', '', '01760688081', '', 6),
('SAJAL CHAKRABORTY', '', '', 'SHIB TALA 2ND LANE BARRACKPORE KOL-700122', '9830883532', '', '01760688082', '', 6),
('HIMANGSHU CHAKRABORTY', '', '', 'NAPIT PARA BARRACKPORE KOL-700122', '9903443062', '', '01760688084', '', 6),
('KEDERNATH GHOSHAL', '', '', '60 SHIBTALA ROAD,BARRACKPORE,700122', '9831349613', '', '01760688085', '', 6),
('RAJLAXMI BAIDYA', '', '', 'PANCHANANTALA,BARRACKPORE,700122', '9038637555', '', '01760688086', '', 6),
('INDIRA KAR', '', '', 'PANCHANAN TALA BARRACKPOR EKOL-700122', '9051023849', '', '01760688089', '', 6),
('SWAPAN MAITRA', '', '', 'PANCHANANTALA, BARRACKPORE,700122', '9007515834', '', '01760688090', '', 6),
('JALI DAS', '', '', 'PALLYSREE, PANCHANANTALA,700122', '9051323160', '', '01760688091', '', 6),
('SHEFALI DUTTA', '', '', 'RAMKRISHNA PALLY BARRACKPORE KOL-700122', '7278158071', '', '01760688092', '', 6),
('MADHAB KOLAY', '', '', 'SHIBTALA 2ND LANE,BARRACKPORE,700122', '9883109328', '', '01760688093', '', 6),
('SUKUMAR ROY', '', '', 'BANERJEE PARA BARRACKPORE KOL -700122', '9163496493', '', '01760688159', '', 6),
('TARAK DAS', '', '', 'PANCHANANTALA,BARRACKPORE,700122', '9088430454', '', '01760688176', '', 6),
('NARENDRA NATH DEY', '', '', 'SANGATI SARANI BARRACKPORE KOL-700122', '9674301317', '', '01760688177', '', 6),
('BADAL BHOWMICK', '', '', 'BANERJEE PARA BARRACKPORE KOL-700122', '9051785328', '', '01760688178', '', 6),
('RAMA MONDAL', '', '', 'BANERJEEPARA,BARRACKPORE,700122', '9903378752', '', '01760688179', '', 6),
('BUDDHADEB BANIK', '', '', 'PANANCHANANTALA,BARRACKPORE,700122', '9088353572', '', '01760688180', '', 6),
('DIPANKAR BISWAS', '', '', 'PANCHANAN TALA BARRACKPORE KOL-700122', '9748422830', '', '01760688181', '', 6),
('RAMA DUTTA', '', '', 'BANERJEEPARA,BARRACKPORE,700122', '9231559273', '', '01760688183', '', 4),
('SAHELI DUTTA', '', '', 'BANERJEEPARA,BARRACKPORE,700122', '9231559273', '', '01760688184', '', 6),
('TAPAS BHADHURY', '', '', 'SHIBTALA BARRACKPORE KOL-700122', '9831053487', '', '01760688187', '', 4),
('AMIT BHADHURY', '', '', 'SHIBTALA BARRACKPORE KOL-700122', '9831053486', '', '01760688188', '', 4),
('P C DEBNATH', '', '', 'SHIBATALA BARRACKPORE KOL-700122', '9831739763', '', '01760688189', '', 6),
('SUDARSAN CHATTERJEE', '', '', 'PANCHANAN TALA BARRACKPORE KOL -700122', '9830568483', '', '01760688190', '', 6),
('RADHA KANTA PAUL', '', '', 'SHIBTALA ROAD, BARRACKPORE 700122', '9143453670', '', '01760688197', '', 4),
('ABHIJIT BHATTACHRJEE', '', '', 'NAPIT PARA BARRAKCPORE KOL-700122', '9433459379', '', '01760688198', '', 6),
('BAPI GHOSH', '', '', 'PANCHANANTALA,BARRACKPORE,700122', '9830165727', '', '01760688199', '', 6),
('SUBHODEEP PAUL', '', '', 'SHIBTALA ROAD, BARRACKPORE,700122', '9331077099', '', '01760688200', '', 6),
('DIPALI GHOSH', '', '', 'SHIBTALAROAD,BARRACKPORE,700122', '9903907953', '', '01760688201', '', 6),
('SANDHYA CHAKRABORTY', '', '', 'NAPIT PARA,BARRACKPORE,700122', '9674247811', '', '01760688202', '', 6),
('BELA THAKURATA', '', '', 'NIRANJAN NAGAR,BARRACKPORE,700122', '03325943612', '', '01760688204', '', 6),
('GOURI PROVA DAS', '', '', 'PANCHANANTALA,BARRACKPORE,700122', '9331541345', '', '01760688206', '', 6),
('ANAMIKA GHOSH', '', '', 'SANGHATI SARANI,BARRACKPORE,700122', '9433267158', '', '01760688207', '', 6),
('RAGHUNATH DAS', '', '', 'PANCHANANTALA,BARRACKPORE,700122', '9339591493', '', '01760688208', '', 8),
('RITA ROY', '', '', 'BANERJEEPARA,BARRACKPORE,700122', '9681948482', '', '01760688210', '', 6),
('UJJAL BARDHAN', '', '', '901/1 CHANDRAMASTER ROAD,BARRACKPORE,700122', '9831338099', '', '01760688212', '', 5),
('GOUTAM GHOSH', '', '', 'M MORE BARRACKPORE KOL-700122', '9874516306', '', '01760688214', '', 6),
('JHUMA MANDAL', '', '', 'PALLY SREE PANCHANAN TALA BARRACKPORE PIN -7010122', '9007069503', '', '01760688215', '', 6),
('DEBASISH BHATTACHARJEE', '', '', 'RAMKRISHNAPALLY,BARRACKPORE,700122', '8697585995', '', '01760688340', '', 6),
('SURABI SARKAR', '', '', 'PACAHAN TALA BARRACKPORE KOL-700122', '9836099080', '', '01760688341', '', 6),
('MRITUNJOY DEY', '', '', 'PANCHANANTALA BARRACKPORE KOL-700122', '9836279898', '', '01760688342', '', 5),
('P.S.GHOSH', '', '', 'BANERJEE PARA BARRACKPORE KOL-700122', '9674297546', '', '01760688343', '', 6),
('ARIJIT GHOSH', '', '', 'SHIBTALA BARRACKPORE KOL-700122', '8820135678', '', '01760688345', '', 6),
('M K GHOSH', '', '', 'GHOSH GACHUI PARA', '923185857', '', '01760688348', '', 6),
('SUSHIL GHOSH', '', '', 'GHOSH GACHUI PARA,BARRACKPORE,700122', '9836891739', '', '01760688349', '', 6),
('JAYANTA MAJHI', '', '', 'PANCHANAN TALA BARRACKPORE KOL-700122', '9804713321', '', '01760688351', '', 6),
('MINATI GHOSH', '', '', 'GHOSHGACHUI PARA,700122', '9433612789', '', '01760688355', '', 6),
('NISITH KR ROY', '', '', 'SHIBTALA,BARRACKPORE,700122', '8420466796', '', '01760688582', '', 6),
('SANKAR LAL CHOWDHURY', '', '', 'SHIBTALA ROAD,BARRACKPORE,700122', '8981637237', '', '01760688583', '', 6),
('SUBAL SAHA', '', '', 'BANERJEE PARA BARRACKPORE KOL-700122', '9748585854', '', '01760688584', '', 6),
('MANAS GHOSH', '', '', 'NAPIT PARA BARRACKPORE KOL-700122', '9830478027', '', '01760688586', '', 6),
('DULAL GHOSH', '', '', 'GHOSH PARA,BARRACKPORE,700122', '9007297983', '', '01760688587', '', 6),
('KOUSHIK CHAKRABORTY', '', '', 'BANERJEEPARA,BARRACKPORE,700122', '9051802857', '', '01760688588', '', 5),
('SWAPAN KR DEY', '', '', 'M MORE BARRACKPORE KOL-700122', '9433872318', '', '01760688590', '', 5),
('RAMA DEY', '', '', 'SHIBTALA BARRACKPORE KOL-700122', '9874942868', '', '01760688591', '', 6),
('SATYA RANJAN GHOSH', '', '', 'BANERJEE PARA BARRACKPORE KOL-700122', '9804400969', '', '01760688593', '', 4),
('ASHOK PAL', '', '', 'SHIBTALA,BARRACKPORE,700122', '9051400809', '', '01760688597', '', 6),
('DULAL CH GUHA', '', '', 'PANCHANANTAL BARRACKPORE,700122', '9231695152', '', '01760688600', '', 6),
('TARUN DUTTA', '', '', 'NIRANJAN NAGAR B BLOCK,700122', '8961243818', '', '01760688602', '', 6),
('MANISHA PRADHAN', '', '', 'NIRANJAN NAGAR B BLOKE, BARRACKPORE,700122', '9088095581', '', '01760688603', '', 6),
('BAPI HALDER', '', '', 'RAMKRISHNA PALLY,BARRACKPORE,700122', '9143244375', '', '01760688604', '', 6),
('MAYA HALDER', '', '', 'NIRANJAN NAGAR B BLOK,BARRACKPORE', '9088095581', '', '01760688605', '', 6),
('PARUL DEVI AGARWAL', '', '', 'PANCHANATAL,BARRACKPORE,700122', '9903850818', '', '01760688608', '', 6),
('ANIMA AGARWAL', '', '', 'PANCHANANTALA,BARRACKPORE,700122', '9831455051', '', '01760688609', '', 6),
('BELA DEY', '', '', 'PANCHANANTALA,BARRACKPORE,700122', '9163496631', '', '01760688610', '', 6),
('PORESH CHANDA SARKAR', '', '', 'PANCHANAN TALA BARRACKPORE KOL-700122', '9433432243', '', '01760688611', '', 6),
('JAI GOPAL BISWAS', '', '', 'NAPIT PARA BARRACKPORE KOL-700122', '9830581083', '', '01760688690', '', 6),
('DILIP KR GHOSH', '', '', 'NAPIT PARA,BARRACKPORE,700122', '9903751539', '', '01760688692', '', 6),
('MURARI MOHAN KOLAY', '', '', 'SHIBTALA,BARRACKPORE,700122', '9831922290', '', '01760688693', '', 6),
('KIRANMOY CHAKRABORTY', '', '', 'PANCHANANTALA,BARRACKPORE,700122', '9903353633', '', '01760688694', '', 6),
('ARPITA SARKAR', '', '', 'SANGATI SARANI BARRACKPORE KOL-700122', '9804141547', '', '01760688695', '', 6),
('SAMIR RANJAN ROY', '', '', 'SANGATI SARANI BARRACKPORE KOL-700122', '8436873497', '', '01760688696', '', 6),
('PANCHANAN ROY', '', '', 'SHIBTALA BARRCKPORE KOL-700122', '9088649781', '', '01760688698', '', 6),
('CHANDRASEKHAR SARKAR', '', '', 'GHOSHPARA,BARRACKPORE,700122', '9434122666', '', '01760688701', '', 5),
('MINATI GHOSH', '', '', 'GHOSH PARA BARRACK[PORE KOL-700122', '8583919475', '', '01760688702', '', 6),
('ARPITA CHOWDHURY', '', '', 'SHIBTALA ROAD,BARRACKPORE,700122', '9434235202', '', '01760688703', '', 6),
('NARAYAN BHATTACHARJEE', '', '', 'SHIBTALA BARRACKPORE KOL-700122', '9836154762', '', '01760688705', '', 6),
('ASHOK SUR ROY', '', '', '55 SHIBTALA ROAD, P.O. - NONA CHANDAN PUKUR, BARRACKPORE , 700122', '9831492594', '', '01760688710', '', 6),
('SUPARNA SUR ROY', '', '', '55 SHIBTALA ROAD, P.O. - NONA CHANDAN PUKUR, BARRACKPORE , 700122', '9432191002', '', '01760688711', '', 6),
('NIRANJAN PAL', '', '', 'PALLYSREE PANCHANANTALA,BARRACKPORE,700122', '9239613674', '', '01760688712', '', 6),
('ARDHENDU MAJUMDER', '', '', 'BANERJEEPARA,BARRACKPORE,700122', '9674733687', '', '01760688713', '', 6),
('MITALI MAJUMDER', '03325925060', '', 'BANERJEEPARA,BARRACKPORE,700122', '9831441217', '', '01760688714', '', 6),
('PHANIBHUSAN GHOSH', '', '', 'BANERJEE PARA,BARRACKPORE,700122', '9748659940', '', '01760688715', '', 4),
('AMITAVA CHATTERJEE', '', '', 'BANERJEE,BARRACKPORE,700122', '9830025854', '', '01760688716', '', 6),
('ALOKE CHATTERJEE', '', '', 'BANERJEEPARA,BARRACKPORE,700122', '9836529091', '', '01760688717', '', 4),
('NILOTPAL GHOSH', '', '', 'BANERJEE PARA BARRACKPORE KOL-700122', '9830013835', '', '01760688718', '', 6),
('S R ROY', '', '', 'BANERJEE PARA BARRACKPORE KOL-700122', '9830013835', '', '01760688719', '', 5),
('BARUN DEY', '', '', 'BANERJEE PARA 700122', '9836487611', '', '01760688720', '', 6),
('SWAPAN ROY CHOWDHURY', '', '', 'BANERJEE PARA BARRACKPORE KOL-700122', '9038349887', '', '01760688721', '', 6),
('SHILPI ROY CHOWDHURY', '', '', 'SHIBTALA BARRACKPORE KOL-700122', '9831775729', '', '01760688722', '', 4),
('SIDDHARTHA BANERJEE', '', '', 'BANERJEEPARA,BARRACKP[ORE,700122', '9874982398', '', '01760688723', '', 6),
('RIPON KR DUTTA', '', '', 'BANERJEEPARA,BARRACKPORE,700122', '9433323998', '', '01760688724', '', 5),
('MOUSREE CHAKRABORTY', '', '', 'BANERJEE PARA BARRACKPORE KOL-700122', '8902406035', '', '01760688725', '', 5),
('SHYAMAL KR BANERJEE', '', '', 'BANERJEEPARA BARRACKPORE KOL-700122', '9433562061', '', '01760688726', '', 6),
('SUBHRA ADHIKARY', '', '', 'BANERJEE PARA BARRACKPORE KOL-700122', '9432421450', '', '01760688727', '', 6),
('SHIVAPRASAD CHATTERJEE', '', '', 'BANERJEE PARA BARRACPORE KOL-700122', '9830025854', '', '01760688728', '', 6),
('DEBIPRASAD CHATTERJEE', '', '', 'BANERJEE PARA BARRACKPORE KOL-700122', '9830025854', '', '01760688729', '', 4),
('BANDANA BHATTACHARYA', '', '', 'BANERJEE PARA,BARRACKPORE,700122', '9874942902', '', '01760688730', '', 6),
('BINA ROY CHOWDHURY', '', '', 'BANERJEE PARA BARRACKPORE KOL-700122', '8013116250', '', '01760688731', '', 6),
('SUMIT CHAKRABORTY', '', '', 'BANERJEE PARA BARRACKPORE KOL-700122', '9748911091', '', '01760688732', '', 6),
('SUMIT ROY', '', '', 'SHIBTALA BARRACKPORE KOL-700122', '923174491', '', '01760688733', '', 6),
('S R SIKDER', '', '', 'SHIBTALA 2 ND LANE BARRACKPORE KOL-700122', '9836994295', '', '01760688734', '', 6),
('BIVAS KR SARKAR', '', '', 'SHIBTALA 2ND LANE BARRACKPORE KOL-700122', '9836994295', '', '01760688735', '', 6),
('TARIT KR BHOWMIK', '', '', 'SHIBTALA ROAD,BARRACKPORE,700122', '9831727603', '', '01760688738', '', 4),
('JAY GOPAL BISWAS', '', '', 'NAPIT PARA BARRACKPORE KOL-700122', '9830581083', '', '0176068890', '', 6),
('SHIBSHANKAR PANDIT', '', '', 'PALLYSREE,PANCHANANTALA,BARRACKPORE,700122', '8478906955', '', '01760689854', '', 6),
('SHYAMAL KR SAHOO', '', '', 'BANERJEE PARA, BKP,700122', '9331541345', '', '01760706442', '', 6),
('ALOKA GHOSH', '', '', 'GHOSH PARA BARRACKPORE KOL-700122', '9331541345', '', '01760706445', '', 6),
('SWARUP SENGUPTA', '', '', 'GHOSHPARA,BARRACKPORE,700122', '9748558590', '', '01760706456', '', 7),
('SOVAN KR DUTTA', '', '', 'NAPIT PARA,BARRACKPOR,700122', '9831654871', '', '01760706457', '', 6),
('MAHUA GHOSH', '', '', 'GHOSH GACHI PARA BARRACKPORE KOL-700122', '9163600156', '', '01760706459', '', 6),
('AMIYA GHOSH', '', '', 'GHOSH GACHI PARA BARRACKPORE KOL-700122', '9038357204', '', '01760706460', '', 6),
('SAMIR SARKAR', '', '', 'GHOS GACHI PARA BARRACKP[ORE KOL-700122', '9831203684', '', '01760706461', '', 6),
('SUDIPTA DAS', '', '', 'NAPITPARA,BARRACKPORE,700122', '9143022752', '', '01760706462', '', 6),
('SANJIT KR DUTTA', '', '', 'SHIBTALA,BARRACKPORE,700122', '8583049348', '', '01760706463', '', 6),
('SUBHASISH GUHO ROY', '', '', 'SHUBHAS COLONY BARRACKPORE KOL-700122', '8981741387', '', '01760706464', '', 6),
('SUKAMAL CHATTERJEE', '', '', 'PANCHANANTALA,BARRACKPORE,700122', '9748306007', '', '01760706605', '', 6),
('SUBHAS CHATTERJEE', '', '', 'PANCHANAN TALA BARRAKCPORE KOL-700122', '9874742488', '', '01760706606', '', 6),
('MADAN MOHON DEY', '', '', 'PANCHANANTALA,BARRACKPORE,700122', '9830538162', '', '01760706607', '', 5),
('SOMESH CH DAS', '', '', 'PANCHANANTALA BARRACKPORE KOL-700122', '9051063573', '', '01760706608', '', 6),
('SURENDRA NATH SARKAR', '', '', 'PANCHNAN TALA BARRACKPORE KOL-700122', '9332943524', '', '01760706611', '', 6),
('TARAK NATH ROY', '25921143', '', 'PANCHANANTALA BARRACKPORE KOL-700122', '9331541345', '', '01760706612', '', 6),
('MANIK PAL', '', '', 'PANCHANAN TALA BARRACKPORE KOL-700122', '8100898795', '', '01760706613', '', 6),
('MONARANJAN TA', '', '', 'SHIBTALA NARRACKPORE KOL-700122', '9836240864', '', '01760706614', '', 6),
('AMARENDRA NARAYAN CHOWDHURY', '', '', 'SHIBTALA BARRACKPORE KOL-700122', '8981329979', '', '01760706615', '', 4),
('MANJU MUKHERJEE', '', '', 'GHOSH  PARA BARRACKPORE KOL-700122', '9331541345', '', '01760706616', '', 6),
('CHABI GHOSH', '', '', 'RAMKRISHNAPALLY,BARRACKPOR,700122', '9831307664', '', '01760706618', '', 6),
('GOUTAM ADHIKARY', '', '', 'PANCHANAN TALA BARRACKPORE KOL-700122', '9433545553', '', '01760706619', '', 6),
('KABITA ADHIKARY', '', '', 'PANCHANAN TALA BARRACKPORE KOL-700122', '9433545553', '', '01760706620', '', 6),
('BABLI MALLICK', '', '', 'GHOSH P-ARA BARRACKPORE KOL-700122', '9051906866', '', '01760706621', '', 5),
('RINA GHOSH', '', '', 'BANERJEE PARA BARRACKPORE 700122', '9874413192', '', '01760706622', '', 6),
('PABIR GHOSH', '', '', 'GHOSH GACHI PARA BARRAKCPORE KOL-700122', '9231614619', '', '01760706624', '', 6),
('SOURAV GHOSH', '', '', 'GHOSH GACHI PARA BARRACKPORE KOL-700122', '9903882553', '', '01760706625', '', 6),
('DULAL CH PAUL', '', '', 'GHOSH GACHUI PARA, BARRACKPORE,700122', '9433379177', '', '01760706626', '', 6),
('SANAT GHOSH', '', '', 'GHOSH GACHI PARA BARRACKPORE KOL-700122', '9903731337', '', '01760706627', '', 7),
('SOUVIK TALUKDER', '', '', 'NAPIT PARA BARRACKPORE PIN-700122', '9874448178', '', '01760706628', '', 6),
('SUKHDEV CHNDRA', '', '', 'M MORE BARRACKPORE KOL-700122', '9062434261', '', '01760706629', '', 6),
('MONARANJAN GHOSH', '', '', 'M MORE BARACKPORE KOL-700122', '9046103267', '', '01760706631', '', 6),
('SOUMAYAN GHOSH', '', '', 'SHIBTALA , BARRACKPORE,700122', '8583050806', '', '01760706632', '', 6),
('A SADHUKHAN', '', '', 'NAPITPARA,BARRACKPORE,700122', '9339068486', '', '01760706633', '', 6),
('SUBAL NANDY', '', '', 'PALLYSRE,PANCHANANTALA,700122', '8100378371', '', '01760706634', '', 6),
('SANKAR ROY', '', '', 'PANCHANTALA,BARRACKPORE,700122', '9433601565', '', '01760706635', '', 6),
('BHABESH SARKAR', '', '', 'NIRANJANNAGAR B BLOCK,BARRACKPORE,700122', '9007699961', '', '01760706637', '', 6),
('NANDA DULAL DEY', '', '', 'NIRANJAN NAGAR B BLOCK BARRACKPORE KOL-700122', '9903257069', '', '01760706638', '', 6),
('BIPLOB DEY', '', '', 'SHANGHATI SARANI,BARRACKPORE,700122', '8902643137', '', '01760706639', '', 6),
('HEMANTA GHOSH', '', '', 'SHIBTALA 1 ST LANE BARRACKPORE KOL-700122', '9038201822', '', '01760706640', '', 6),
('MAKHANLAL GHOSH', '', '', 'MAKHANLAL GHOSH BARRACKPORE KOL-700122', '9432822547', '', '01760706644', '', 6),
('DULAL KR PODDER', '', '', 'SHIBTALA BARRACKPORE KOL-700122', '7278716670', '', '01760706645', '', 6),
('SUMIT MAJUMDER', '', '', 'BANERJEE PARA BARRACKPORE KOL-700122', '9836088477', '', '01760706648', '', 6),
('AMAR CHAKRABORTY', '', '', 'GHOSH PARA BARRACKPORE KOL-700122', '8697134389', '', '01760706652', '', 6),
('MANOJIT SHARMA', '', '', 'SHIBTALA ROAD,BARRACKPORE,700122', '9836455111', '', '01760706655', '', 6),
('JUGAL KISHORE BANERJEE', '', '', 'BANERJEEPARA ROAD, BARRACKPORE,700122', '9674247449', '', '01760706657', '', 6),
('NARAYAN PAUL', '', '', 'BANERJEE PARA BARRQACKPORE KOL-700122', '9088091808', '', '01760706659', '', 4),
('BASANTI MANDAL', '', '', 'NAPITPARA BARRACPORE KOL-700122', '9331599884', '', '01760706660', '', 6),
('KARTICK BISWAS', '', '', 'SHIBTALA ,BARRACKPORE,700122', '9804589935', '', '01760706661', '', 6),
('ASIT SEN', '', '', 'PANCHANANTALA, BARRACKPORE,700122', '8981824787', '', '01760706663', '', 6),
('A K HALDER', '', '', 'NAPIT PARA BARRACKPORE 700122', '9007378155', '', '01760706666', '', 6),
('REBA KARMAKAR', '', '', 'GHOSHGACHI PARA, BARRACKPORE,700122', '9230444399', '', '01760706667', '', 4),
('DEBASISH KARMAKAR', '', '', 'GHOSH GACHUI PARA,BARRACKPORE,700122', '9231163659', '', '01760706668', '', 6),
('ASIM KR DAS', '', '', 'SUBHAS NAGAR COLONY BARRACKPORE KOL-00122', '8017283181', '', '01760706669', '', 6),
('SWAPAN BHOWMIK', '', '', 'BANERJEEPARA,BARRACKPORE,700122', '9051603353', '', '01760706670', '', 6),
('HARADHAN DEBNATH', '', '', 'M MORE BARRACKPORE KOL-700122', '9330842445', '', '01760706671', '', 6),
('TAPASI BANERJEE', '', '', 'SHIBTALA BARRAKCPORE KOL-700122', '8981399049', '', '01760706672', '', 6),
('ANJALI BANERJEE', '', '', 'SHIBTALAROAD,BARRACKPORE,700122', '9433510157', '', '01760706673', '', 6),
('RATAN GHOSH', '', '', 'GHOSHPARA,BARRACKPORE,700122', '9339623035', '', '01760706674', '', 6),
('DEBASISH ROY', '', '', 'PANCHAN TALA BARRACKPORE KOL-700122', '9831878078', '', '01760706675', '', 6),
('MADHAB CH PAL', '', '', 'PANCHANANTALA, BARRACKPORE,700122', '9339024108', '', '01760706676', '', 6),
('TANUMAY SADHUKHAN', '', '', 'NAPIT PARA BARRACKPORE KOL-700122', '8013200050', '', '01760706679', '', 6),
('DURGA DAS', '', '', 'BIDHANPALLY,BARRACKPORE,700122', '9748520040', '', '01760706680', '', 6),
('ANKHI SARKAR', '', '', 'GHOSH GACHI PARA BARRACKPORE KOL-700122', '9038572774', '', '01760706683', '', 6),
('PALAK GHOSHAL', '', '', '60 SHIBTALA ROAD,BARRACKPORE', '8981637242', '', '01760706685', '', 6),
('SHANTANU SARKAR', '', '', '12 SHIBTALA BARRAKCPORE KOL-700122', '8653675597', '', '01760706687', '', 6),
('BHOLA DEY', '', '', 'PANCHANANTALA,BARRACKPORE,700122', '9874174048', '', '01760706689', '', 6),
('RANENDRA KUMAR CHAKRABORTY', '', '', 'BANERJEEPARA,BARRACKPORE,700122', '8017445080', '', '01760706690', '', 6),
('TAPAN HALDER', '03325945678', '', 'PANCHANANTALA,BARRACKPORE,700122', '9433108885', '', '01760706692', '', 6),
('JAYANTA GHOSH', '', '', 'SHIBTALAROAD,BARRACKPORE,700122', '9681817592', '', '01760706696', '', 8),
('HARADHAN NATH SADHUKHAN', '', '', 'NAPIT PARA BARRACKPORE KOL-700122', '9331997402', '', '01760706697', '', 6),
('ANANDAMAY GHOSH', '', '', 'BANERJEE PARA BARRACKPORE KOL-700122', '9432378212', '', '01760706698', '', 6),
('CHABI GHOSH', '', '', 'GHOSH GACHI PARA BARRACKPORE KOL-700122', '9051378977', '', '01760706699', '', 7),
('BANDANA BOSE', '', '', 'SHIBTALA,BARRACKPORE,700122', '9051936424', '', '01760706700', '', 6),
('DILIP KR PAL', '', '', 'BANERJEEPARA,BARRACKPORE,700122', '9339231450', '', '01760706702', '', 7),
('GOURY SANKAR KOLAY', '', '', 'SHIBTALA 2ND LANE BARRACKPORE KOL-700122', '9331541345', '', '01760792023', '', 6),
('ALAYA BOSE', '', '', 'RAMKRISNA PALLY BARRACKPORE  KOL-700122', '9007587409', '', '0176088344', '', 6),
('BISWAJIT SAHA', '', '', 'SHIBTALA GHOSH PARA BARRACKPORE KOL-700122', '9748853621', '', '01760920061', '', 6),
('AMIT BHANJA', '', '', 'PANCHANAN TALA BARRACKPORE KOL-700122', '9331963929', '', '01760920062', '', 6),
('ABHIJIT ROY', '', '', 'SHIBTALA, BARRACKPORE,700122', '9830289757', '', '01760920063', '', 7),
('TARASANKAR ROY', '', '', 'SHIBTALA ROAD,BARRACKPORE,700122', '9007636411', '', '01760920064', '', 6),
('PURNIMA SHILL', '', '', 'PANCHANANTALA,BARRACKPORE,700122', '8017926889', '', '01760920065', '', 6),
('ANANDA HAZRA', '', '', 'PANCHANANTALA,BARRACKPORE,700122', '7439104383', '', '01760920066', '', 6),
('DEBASISH BISWAS', '', '', 'NAPIT PARA,BARRACKPORE,700122', '9748306383', '', '01760920067', '', 6),
('SAMIT VANJO CHOWDHURY', '', '', 'PANCHANANTALA,BARRACKPORE,700122', '9339787036', '', '01760920070', '', 6),
('ASHIM SADHUKHAN', '', '', 'NAPITPARA,BARRACKPORE,700122', '9874135105', '', '01760920156', '', 6),
('B B KANUNGO', '', '', 'NAPITPARA,BARRACKPORE,700122', '9051618961', '', '01760920157', '', 6),
('ASIT SADHUKHAN', '', '', 'NAPIT PARA BARRACKPORE KOL-700122', '9433660786', '', '01760920158', '', 6),
('ARATI BANERJEE', '', '', 'RAMKRISNA PALLY BARRACKPORE KOL-700122', '9331541345', '', '01760920159', '', 6),
('SOURAV BHATTACHARYA', '', '', 'MASJIT MORE,BARRACKPORE,700122', '9903890638', '', '01760920161', '', 6),
('JHUMPA BANERJEE', '', '', 'BANERJEE PARA BARRACKPORE-700122', '9836283009', '', '01760920162', '', 6),
('JAYANTI SARKAR', '', '', 'PANCHANTALA ROAD, BARRACKPORE', '9903889645', '', '01760920166', '', 6),
('MADHOBI BISWAS', '', '', 'PANCHANAN TALA BARACKPORE KOL-700122', '8981892116', '', '01760920167', '', 6),
('DIPAK SHARMA', '', '', 'RAMKRISHNAPALYY, BARRACKPORE,700122', '8902196846', '', '01760920169', '', 6),
('BHUPNDRA KR CHOWDHURY', '', '', 'BANERJEE PARA BARRACKPORE KOL-700122', '8981827127', '', '01760920170', '', 6),
('BADAL CH DEY', '', '', 'BANERJEE PARA BARRACKPORE KOL-700122', '8981872970', '', '01760920171', '', 6),
('PROSANTA GHOSH', '', '', 'GHOSH GACHI PARA BARRACKPORE KOL-700122', '8902488933', '', '017609202159', '', 6),
('PRASANTA GHOSH', '', '', 'SHIBTALA,BARRACKPORE,700122', '9748520038', '', '01760920216', '', 5),
('BHABA TARAN KOLAY', '', '', 'SHIBTALA 2ND LANE,BARRACKPORE,700122', '9432379276', '', '01760920218', '', 6),
('PRASENJIT SARKAR', '', '', 'PANCHANTALA BARRACKPORE KOL-700122', '9830416554', '', '01760920219', '', 6),
('NARAYAN BARUI', '', '', 'GADI FACTORY BARRACKPORE KOL-700122', '9674461977', '', '01760920220', '', 6),
('CHINTU DUTTA', '', '', 'PANCHANAN TALA BARRACKPORE KOL-700122', '8981428648', '', '01760920221', '', 6),
('SONA CHAND BASAK', '', '', 'M MORE BARRACKPORE KOL-700122', '9051559393', '', '01760920222', '', 6),
('JIBON MONDAL', '', '', 'PANCHANANTALA BARRACKPORE KOL-700122', '9331541345', '', '01760920223', '', 6),
('TARASANKAR GANGULY', '', '', 'SHIBTALA ROAD, BARRACKPORE,700122', '9433013230', '', '01760920224', '', 6),
('TAPAS DEBNATH', '', '', 'SHIBTALA BARRACKPORE KOL-700122', '9831035020', '', '01760920225', '', 6),
('KRISNA CHATTERJEE', '', '', 'RAMKRISNA PALLY BARRACKPORE KOL-700122', '9038867449', '', '01760920227', '', 6),
('PRADIP MAHAPATRA', '', '', 'BANERJEE PARA BARRACKPORE KOL-700122', '9804815469', '', '01760920228', '', 6),
('ALOKE KR GHOSH', '', '', 'GHOSH GACHUI PARA,BARRACKPORE,700122', '9143372409', '', '01760920230', '', 6),
('SUNIL KR PAUL', '', '', 'BIDHAN PALLY BARRACKPORE KOL-700122', '9836374426', '', '01760920231', '', 6),
('CHYARANI BAKSHI', '', '', 'RAMKRISHNAPALLY,BARRACKPORE,700122', '8584030747', '', '01760920232', '', 6),
('MADUSUDAN KOLAY', '', '', 'SHIBTALA BARRACKPORE KOL-700122', '8013137181', '', '01760920233', '', 6),
('RANJIT GHOSH', '', '', 'NAPIT PARA,BARRACKPOE,700122', '9331927560', '', '01760920307', '', 6),
('BABLA SEN', '', '', 'RAMKRISNA PALLY BARRACKPORE KOL-700122', '931541345', '', '01760920308', '', 6),
('GOURI GHOSH', '', '', 'BANERJEEPARA,BARRACKPORE,700122', '9836773994', '', '01760920309', '', 6),
('A K GUPTA', '03325942806', '', 'BANERJEE PARA, BARRACKPORE,700122', '8584030747', '', '01760920310', '', 6),
('NIRMAL KR GHOSH', '', '', 'GHOSH GACHI PARA BARRACKPORE KOL-700122', '9331541345', '', '01760920312', '', 6),
('SABITA CHOWDHURY', '', '', 'GHOSH GACHI PARA BARRACKPORE KOL-700122', '8961649795', '', '01760920313', '', 6),
('MRINAL KANTI GHOSH', '', '', 'SHIBTALAROAD,BARRACKPORE,700122', '9831356592', '', '01760920314', '', 6),
('BIKASH CHAKRABORTY', '', '', 'RAMKRISHNAPALLY,BARRACKPORE,700122', '8820839679', '', '01760920315', '', 6),
('SAMARJIT DAS', '', '', 'PANCHANAN TALA BARRACKPORE KOL-700122', '9748518463', '', '01760920316', '', 6),
('SHILPI MAHAPATRA', '', '', 'BANERJEEPARA,BARRACKPORE,700122', '8013744844', '', '01760920317', '', 6),
('ASHOK SAHA', '', '', 'RAMKRISNA PALLY BARRACKPORE KOL-700122', '9088297500', '', '01760920318', '', 6),
('SANDIP BISWAS', '', '', 'SHIBTALA BARRACKPORE KOL-700122', '9836498439', '', '01760920319', '', 6),
('KAMALA ROY', '', '', 'SHIBTALA BARRACKPORE KOL-700122', '9831195766', '', '01760920320', '', 6),
('SUSANTA CHOWDHURY', '', '', 'PANCHANANTALA,BARRACKPORE,700122', '9830355012', '', '01760920321', '', 5),
('LAXMI PAUL', '', '', 'NAPIT PARA BARRACKPORE KOL-700122', '9331541345', '', '01760920322', '', 6),
('ANJANA BISWAS', '', '', 'PANCHANANTALA GODI FACTORY BARRACKPORE KOL-700122', '9331672816', '', '01760920323', '', 6),
('RABI BISWAS', '', '', 'SHIBTALA,BARRACKPORE,700122', '9804414271', '', '01760929106', '', 6),
('GOPAL GHOSH', '', '', 'BNERJEEPARA,BARRACKPORE,700122', '9733186645', '', '01760937415', '', 6),
('SANJIB SAHA', '', '', 'NIRANJAN NAGAR B BLOCK BARRACKPORE KOL-700122', '9007699962', '', '01760971064', '', 6),
('DIPIKA BHOWMICK', '', '', 'SHIBTALA,BARRACKPORE,700122', '9038357132', '', '01760971716', '', 6),
('DEBASISH PAUL', '', '', 'SHIBTALA ROAD,BARRACKPORE,700122', '9432961099', '', '01760971717', '', 6),
('N C MONDAL', '', '', 'SHIBTALA BARRACKPORE 700122', '9007371517', '', '01760971718', '', 5),
('LATE MAYA KARMAKAR', '', '', 'BANERJEEPARA,BARRACKPORE,700122', '9477140739', '', '01760971721', '', 6),
('MANOTOSH BHATTACHARJEE', '', '', 'BANERJEE PARA,BARRACKPORE,700122', '9433532764', '', '01760971724', '', 6),
('SUBRATA SENGUPTA', '', '', 'BANERJEEPARA,BARRACKPORE,700122', '9674246965', '', '01760971725', '', 5),
('SUPRIYA MAJUMDER', '', '', 'BANERJEE PARA BARRACKPORE KOL-700122', '8961626316', '', '01760971726', '', 6),
('BIVASH MAJUMDER', '', '', 'BANERJEE PARA BARRACKPORE KOL-700122', '9231888398', '', '01760971727', '', 6),
('SANTANU ROY', '', '', 'BANERJEEPARA,BARRACKPORE,700122', '7278265937', '', '01760971729', '', 6),
('KANIKA BAISYA', '', '', 'BANERJEE PARA BARRACKPORE KOL-700122', '9433546414', '', '01760971730', '', 5),
('BHASKAR GHOSH', '', '', 'BANERJEEPARA, BARRACKPORE,700122', '9830456578', '', '01760971731', '', 6),
('SWAPANA DHAR', '', '', 'SHIBTALA ,BARRACKPORE,700122', '8017267182', '', '01760971732', '', 6),
('AMORESH GHOSH', '', '', 'SHIBTALA BARRACKPORE KOL-700122', '7439591398', '', '01760971736', '', 6),
('SUNANDA BASAK', '', '', 'SHIBTALA BARRAKPORE KOL-700122', '9804455537', '', '01760971737', '', 6),
('PANKAJ KR GHOSH', '', '', 'SHIBTALA BARRACKPORE KOL-700122', '9239632562', '', '01760971738', '', 6),
('ARDHENDU KOLAY', '', '', 'SHIBTALA 2ND LANE BARRACKPORE KOL-700122', '9831922290', '', '01760971740', '', 6),
('MADHUSUDAN GHOSH', '', '', 'GHOSH PARA,BARRACKPORE,700122', '9674418038', '', '01760971743', '', 6),
('IRA MITRA', '', '', 'PANCHANANTALA,BARRACKPORE,700122', '8584030747', '', '01760971745', '', 6),
('ASITHA DEY', '', '', 'SHIBTALA BARRACKPORE KOL-700122', '9331541345', '', '01760971746', '', 6),
('DHRUBO DAS CHAKRBORTY', '', '', 'RAMKRISNA PALLY', '9432349822', '', '01760971747', '', 6),
('NAREN DUTTA', '', '', 'PANCHANAN TALA BARRACKPORE KOL-700122', '9674160169', '', '01760971749', '', 4),
('DIPANKAR SEN', '', '', 'PANCHANANTALA,BARRACKPORE,700122', '8013762987', '', '01760971750', '', 6),
('ABHIJIT BHATTACHARYAY', '', '', 'PALLYSREE,BARRACKPORE,700122', '9088186159', '', '01760971752', '', 6),
('AMARESH SAHA', '', '', 'PANCHANANTALA,BARRACKPORE,700122', '9051164995', '', '01760971755', '', 6),
('SANDIP PRADHAN', '', '', 'PANCHANANTALA BARRACKPORE KOL-700122', '9831333210', '', '01760971756', '', 6),
('SHYAMALENDU DUTTA', '', '', 'PANCHANATALA,BARRACKPORE,700122', '9748410500', '', '01760971761', '', 6),
('JUMU BANIK', '', '', 'PANCHANAN TALA BARRACKPORE KOL-700122', '8981467479', '', '01760971763', '', 6),
('SUKHARANJAN SEN', '', '', 'SANGHATI SARANI BARRACKPORE 700122', '9748163617', '', '01760971766', '', 6),
('TRISHA ROY', '', '', 'SANGATI SARANI BARRACKPORE KOL-700122', '9331541345', '', '01760971767', '', 6),
('SAJAL GHOSH', '', '', 'GHOSH GACHI PARA BARRACKPORE KOL-700122', '9748256446', '', '01760971768', '', 6),
('RAMESH GHOSH', '', '', 'GHOSH GACHI PARA', '9331867169', '', '01760971769', '', 6),
('KOUSHIK CHAKRABORTY', '', '', 'NAPIT PARA,BARRACKPORE,700122', '9831146949', '', '01760971771', '', 5),
('SWAPAN PAL', '', '', 'NAPIT PARA BARRACKPORE KOL-700122', '9331541345', '', '01760971773', '', 6),
('PINTU DAS', '', '', 'NAPITPARA,BARRACKPORE,700122', '9831321380', '', '01760971774', '', 6),
('SAMARENDRA NATH GHOSH', '', '', 'NAPIT PARA BARRACKPORE KOL-700122', '9331541345', '', '01760971775', '', 6),
('TAPAS SADHUKHAN', '', '', 'NAPIT PARA BARRACKPORE KOL-700122', '9832068833', '', '01760971777', '', 6),
('SISIR SADHUKHAN', '', '', 'NAPIT PARA BARACKPORE KOL-700122', '9883206833', '', '01760971778', '', 6),
('PROSANTA SARDAR', '', '', 'NAPIT PARA BARRACKPORE KOL-700122', '9433872436', '', '01760971779', '', 6),
('B C MAJUMDER', '', '', 'PANCHANAN TALA BARRACKPORE KOL-700122', '8017912458', '', '017609717796', '', 5),
('SUNITA SARDAR', '', '', 'NAPIT PARA BARRACKORE KOL-700122', '9477065451', '', '01760971780', '', 6),
('BIMAL GUHA ROY', '', '', 'SUBHAS NAGAR COLONY', '8584030747', '', '01760971782', '', 6),
('N N BANERJEE', '', '', 'SHIBTALA ROAD,BARRACKPORE,700122', '8981463795', '', '01760971783', '', 6),
('ANUP MITRA', '', '', 'BANERJEEPARA,BARRACKPORE,700122', '9733914777', '', '01760971784', '', 6),
('PAYEL GUHA', '', '', 'BANERJEE PARA BARRACKPORE KOL-700122', '7278867354', '', '01760971785', '', 6),
('ROHON GUHA', '', '', 'BANERJEE PARA BARRACKPORE KOL-700122', '7278867354', '', '01760971786', '', 6),
('SAYAN GUHA', '', '', 'BANERJEE PARA BARRACKPORE KOL-700122', '7278867354', '', '01760971787', '', 6),
('SANJAY GHOSH', '', '', 'NAPIT PARA BARRACKPORE KOL-700122', '9331823143', '', '01760971788', '', 6),
('MOHAN LAL GHOSH', '', '', 'GHOSH GACHUI PARA,BARRACKPORE,700122', '9239574035', '', '01760971789', '', 6),
('RITA GHOSH', '', '', 'GHOSH GACHUI PARA,BARRACKPORE,700122', '9007106804', '', '01760971790', '', 6),
('RAJIB GHOSH', '', '', 'GHOSH GACHUI PARA,BARRACKPORE,700122', '9339102052', '', '01760971791', '', 6),
('KUBALAY GHOSH', '', '', 'PANCHANANTALA BARRACKPORE,700122', '9433717978', '', '01760971792', '', 4),
('ANIMA DAS', '', '', 'RAMKRISHNAPALLY,BARRACKPORE,700122', '9830793927', '', '01760971793', '', 7),
('KOUSHIK BARDHAN', '', '', 'PANCHANANTALA,BARRACKPORE,700122', '9051612740', '', '01760971795', '', 6),
('CHANDANA CHOWDHURY', '', '', 'PANCHANAN TALA BARRACKPORE KOL-700122', '9748576916', '', '01760971797', '', 6),
('AMAL KRISHNA SARKAR', '', '', 'BANERJEEPARA,BARRACKPORE,700122', '9831368341', '', '01760971798', '', 6),
('SHANTI RANJAN GHOSH', '', '', 'GHOSH GACHI PARA BARRACKPORE KOL-700122', '9230218725', '', '01760971801', '', 7),
('SUNIL SARKAR', '', '', 'GHOSH GACHI PARA BARRACKPORE KOL-700122', '8961397985', '', '01760971802', '', 6),
('SAMIR MUKHERJEE', '', '', 'SHIBTALA BARRACKPORE KOL-700122', '9331541345', '', '01760971804', '', 6),
('TAPASI SARKAR', '', '', 'GHOSH GACHUI PARA,BARRACKPORE,700122', '9038272466', '', '01760971805', '', 6),
('SUBHAS KAR', '', '', 'SHIBTALA ROAD,BARRACKPORE,700122', '8013577741', '', '01760971806', '', 6),
('SANJIB MALLICK', '', '', 'SHIBTALA ROAD', '9143359280', '', '01760971808', '', 6),
('ARJUN DAS', '', '', 'PANCHANAN TALA BARRACKPORE KOL-700122', '9804713321', '', '01760971809', '', 6),
('SUBHRA BHOWMIK', '', '', 'SHIBTALA ROAD,BARRACKPORE,700122', '9804307550', '', '01760971810', '', 6),
('AJAY GHOSH', '', '', 'SHIBTALAROAD,BARRACKPORE,700122', '8981031944', '', '01760971812', '', 6),
('SATYAGOPAL BISWAS', '', '', 'PANCHANANTALA,BARRACKPORE,700122', '7890917910', '', '01760971813', '', 6),
('SANAT CHATTERJEE', '', '', 'MASJIT MORE, BARRACKPORE,700122', '9903016336', '', '01761074051', '', 6),
('ABHIJIT DEY', '', '', 'PANCHANANTALA,BARRACKPORE,700122', '9331533664', '', '01761074052', '', 6),
('DIPAYAN ROY CHOWDHURY', '', '', 'BANERJEE PARA BARRACKPORE KOL-700122', '9163673711', '', '01761074077', '', 6),
('BIKASH GHOSH', '', '', 'NAPIT PARA BARRACKPORE KOL-700122', '8981349733', '', '01761074078', '', 6),
('TARAK NATH GHOSH', '', '', 'GHOCH GACHI PARA BARRACKPORE KOL-700122', '9433286739', '', '01761074079', '', 6),
('S SINGH ROY', '', '', 'PANCHANANTALA BARRACKPORE KOL.-700122', '9804211101', '', '017610740916', '', 6),
('MINI CHAKRABORTY', '', '', 'SHIBTALA BARRACKPORE KOL-700122', '9331541345', '', '01761074093', '', 6),
('AJAY KR SARKAR', '', '', 'SANGHATI SARANI,BARRACKPORE,700122', '9339836291', '', '01761074094', '', 6),
('SUSHIL KR GHOSH', '', '', 'GHOSH GACHI PARA BARRACKPORE KOL-700122', '9433286739', '', '01761074097', '', 6),
('BALYANTH YADAV', '', '', 'PANCHANAN TALA BARRACKPORE KOL-00122', '9330975321', '', '01761074098', '', 6),
('TRISHNA MONDLA', '', '', 'SHIBTALA ROAD,BARRACKPORE,700122', '9051521182', '', '01761074348', '', 6),
('SUMAN DUTTA', '', '', 'SHIBTALA ,KAMALA APARTMENT,BARRACKPORE,700122', '9830936440', '', '01761074349', '', 6),
('PROSANTA KR BISWAS', '', '', 'SANGATI SARANI BARRACPORE KOL-700122', '9748892458', '', '01761074492', '', 4),
('BIMAL KANTI GHOSH', '', '', 'PANANCHANANTALA,BARRACKPORE,700122', '8981609860', '', '01761074493', '', 6),
('TAPAS DAS', '', '', 'PANCHANANTALA,BARRACKPORE,700122', '9432350695', '', '01761074494', '', 6),
('GOUTAM BANERJEE', '', '', 'BANERJEEPARA,BARRACKPORE,700122', '9331541345', '', '01761074495', '', 6),
('ASTAMI CHOWDHURY', '', '', 'BANERJEE PARA BARRACKPORE KOL-700122', '9331541345', '', '01761074635', '', 6),
('ANINDYA GHOSH', '', '', 'GHOSH GACHUI PARA', '9038909850', '', '01761075359', '', 6),
('RAJAT SEN', '', '', 'PANCHANANTALA BARRACKPORE KOL-700122', '9239072625', '', '01761075360', '', 4),
('GOPA BANERJEE', '', '', 'SHIBTALA ( KHALA GHAR) BARRACKPORE KOL-700122', '9007549541', '', '01761075362', '', 6),
('NITANANDA BANERJEE', '', '', 'BANERJEE PARA BARRACKPORE KOL-700122', '9804098290', '', '017620971735', '', 6),
('NABA KUMAR BARMAN', '', '', 'PANCHANATALA BARRACKPORE 700122', '9903070215', '', '01762225479', '', 6),
('RATNA CHATTERJEE', '', '', 'SHIBTALA ROAD,BARRACKPORE,700122', '8584030747', '', '01762225480', '', 6),
('SAKUNTALA BANERJEE', '', '', 'SHIBTALA 2ND LANE BARRACKPORE KOL-700122', '9748060271', '', '01762225481', '', 4),
('KARTICK CH BARMAN', '03325945757', '', 'PANCHANANTALA,BARRACKPORE,700122', '8584030747', '', '01762225482', '', 6),
('TARIT KR SARKAR', '', '', 'GHOSH PARA BARRACKPORE KOL-700122', '9903986238', '', '01762225483', '', 6),
('GOUTM ROY', '', '', 'NAPIT PARA BARRACKPORE KOL-700122', '9231901383', '', '01762225484', '', 6),
('KESTO KARMAKAR', '', '', 'BANERJEE PARA, BARRACKPORE,700122', '9804141662', '', '01762225485', '', 6),
('SAGARIKA BAKSHI', '', '', 'RAMKRISHNAPALLY,BARRACKPORE,700122', '9836677549', '', '01762225486', '', 6),
('NIRANJAN KUNDU', '', '', 'PANCHANANTALA,BARRACKPORE,700122', '9804860116', '', '01762225487', '', 6),
('ASHIM GHOSH', '', '', 'GHOSH PARA,BARRACKPORE,700122', '9830850192', '', '01762225488', '', 6),
('HEMANTA RATH', '', '', 'BANERJEE PARA BARRACKPORE KOL-700122', '9433307227', '', '01762225489', '', 6),
('ANANDA CHAKRABORTY', '', '', 'SHIBTALA ROAD,BARRACKPORE,700122', '9836675729', '', '01762225882', '', 6),
('GOPAL CH DAS', '', '', 'SHBTALA BANERJEE PARA BARRACKPORE KOL-700122', '9332349166', '', '01762225885', '', 6),
('DIPTIKA MOHATI', '', '', 'BANERJEE PARA BARRACKPORE KOL-700122', '9331541345', '', '01762225886', '', 6),
('SIBANI DEY', '', '', 'PANCHANANTALA,BARRACKPORE,700122', '8584030747', '', '01762225889', '', 6),
('NEMAI SAHA', '', '', 'SHIBTALA ROAD,BARRACKPORE,700122', '9830717877', '', '01762225890', '', 6),
('RATNA CHATTERJEE', '', '', 'SHIBTALAROAD,BARRACKPORE,700122', '03325920206', '', '0176225480', '', 6),
('SUMIT GHOSH', '', '', 'SHIBTALA,BARRACKPORE,700122', '9231693037', '', '01762329957', '', 4),
('TAPAS KR GHOSH', '', '', 'BANERJEEPARA,BARRACKPORE,700122', '9433893993', '', '01762329958', '', 6),
('SANJIT ROY', '', '', 'BANERJEE PARA BARRACKPORE KOL-700122', '9830789748', '', '01762329960', '', 6),
('KALPANA GHOSH', '', '', 'GHOSH GACHUI PARA,BARRACKPORE,700122', '7278306178', '', '01762329961', '', 6),
('RANJIT BASAK', '', '', 'SHIBTALA ROAD,BARRACKPORE,700122', '9330023626', '', '01762329962', '', 6),
('RANJAN SADHUKHAN', '', '', 'NAPIT PARA, BARRACKPORE,700122', '9332993605', '', '01762329963', '', 6),
('BHARAT SADHUKHAN', '', '', 'NAPITPARA,BARRACKPORE,700122', '9748153493', '', '01762329965', '', 6),
('S P SHOW', '', '', 'BIDHANPALLY,BARRACKPORE,700122', '9231841275', '', '01762330329', '', 6),
('SANTIRANJAN DAS', '', '', 'RAMKRISHNAPALLY,BARRACKPORE,700122', '7278521961', '', '01762330330', '', 6),
('SUROJIT BISWAS', '', '', 'PALLY SREE BARRACKPORE KOL-700122', '829699912', '', '01762330331', '', 6),
('SAJAL KAR', '', '', 'PALLYSREE,PANCHANANTALA,BARRACKPORE,700122', '8017535648', '', '01762330332', '', 6),
('BAPI ROY', '', '', 'SHIBTALA BARRACKPORE KOL-700122', '9231878597', '', '01762330333', '', 6),
('PRABIR DAS', '', '', 'PANCHANANTALA,BARRACKPORE', '8013423311', '', '01762330334', '', 6),
('DIBENDU BAIDYA', '', '', 'PANCHANANTALA,BARRACKPORE,700122', '9433426595', '', '01762330335', '', 6),
('BIMAL CH BHADRA', '', '', 'SHIBTALA ROAD, BARRACKPORE,700122', '9477156604', '', '01762433832', '', 6),
('RAJIB GHOSH', '', '', 'GHOSHPARA,BARRACKPORE,700122', '8013086341', '', '01762433833', '', 6),
('BISWAJIT ROY', '', '', 'SHIBTALA BARRACKPORE KOL-700122', '8648042456', '', '01762433834', '', 6),
('PORESH GHOSH', '', '', 'M MORE BARRACKPORE KOL-700122', '9830512240', '', '01762433837', '', 6),
('DEBASISH NASKAR', '', '', 'BANERJEE PARA BARRACKPORE KOL-700122', '9748282670', '', '01762433839', '', 6),
('UDAY SANKAR GHOSH', '', '', 'SHIBTALA ROAD, BARRACKPORE,700122', '9836037538', '', '01763055607', '', 6),
('PANCHANAN GHOSH', '', '', 'GHOSH PARA BARRACKORE KOL-700122', '9331838684', '', '01763085208', '', 6),
('SUJIT GANGULY', '', '', 'SREE PALLY BARRACKPORE KOL-700122', '9143126008', '', '01763085210', '', 6),
('LATIKA BHADRA', '', '', 'RAMKRISNA PALLY BARRACKPORE KOL-700122', '9330722285', '', '01763085213', '', 6),
('SOMA GOSWAMI', '', '', 'PANCHANTALA,BARRACKPORE,700122', '9231157326', '', '01763085214', '', 6),
('DILIP KR BISWAS', '', '', 'SHIBTALA BARRACKPORE KOL-700122', '8582916208', '', '01763085217', '', 6),
('SUKUMAR PAL', '', '', 'SHIBTALA BARRACKPORE KOL-700122', '9239594193', '', '01763085218', '', 6),
('GOUTAM CHAKRABORTY', '', '', 'SHIBTALA BARRACKPORE 700122', '9051665468', '', '01763085219', '', 6),
('AVIJIT BHATTACHARJEE', '', '', 'BANERJEE PARA BARRACKPORE KOL-700122', '9331541345', '', '01763085220', '', 6),
('D J BHATTACHARJEE', '', '', 'BANERJEE PARA BARRACKPORE KOL-700122', '9331541345', '', '01763085221', '', 6),
('MITHUN DEY', '', '', 'PALLYSREE,PANCHANANTALA,BARRACKPORE,700122', '8100644222', '', '01763085222', '', 6),
('TAPAN KR DAS', '', '', 'MASJITMORE,BARRACKPORE,700122', '9143196506', '', '01763085224', '', 6),
('KAKALI GHOSH', '', '', 'GHOSH GACHUI PARA,BARRACKPORE,700122', '9831414043', '', '01763085225', '', 6),
('BHASWATI BANERJEE', '', '', 'BANERJEE PARA BARRACKPORE KOL-700122', '9433562061', '', '01763085226', '', 5),
('SUBIR KR SEN', '', '', 'BANERJEE PARA BARRACKPORE KOL-700122', '9331541345', '', '01763085227', '', 6),
('N HALDER', '', '', 'SHIBTALA BARRACKPORE KOL-700122', '9674688605', '', '01763085593', '', 6),
('ALOKE SETH', '', '', 'SHIBTALA ROAD,BARRACKPORE,700122', '9830352260', '', '01763085594', '', 6),
('MITHU PAL', '', '', 'SHIBTALA BARRACKPORE KOL-700122', '9239356260', '', '01763085595', '', 6),
('PINTU CHAKRABORTY', '', '', 'NAPIT PARA,BARRACKPORE,700122', '9339503042', '', '01763085596', '', 6),
('RUPA NANDA DAS', '', '', 'NAPIT PARA BARRACK PORE KL-700122', '9143832438', '', '01763085597', '', 6),
('PAPIYA CHATTERJEE', '', '', 'SANGHATI SARANI,BARRACKPORE,700122', '8017846378', '', '01763085600', '', 6),
('SWARUP KAR', '', '', 'SANGHATI SARANI,BARRACKPORE,700122', '9163517119', '', '01763085601', '', 6),
('SAMEER GHOSH', '', '', 'PANCHANANTALA,BARRACKPORE,700122', '9874719546', '', '01763085604', '', 6),
('RAKESH GHOSH', '', '', 'GHOSH PARA BARRACKPORE KOL--700122', '9804166336', '', '01763085605', '', 6),
('KAMALA GHOSH', '', '', 'SHIBTALA ROAD,BARRACKPORE,700122', '9007314438', '', '01763085606', '', 6),
('BIPUL MANDAL', '', '', 'PANCHANAN TALA BARRACKPORE KOL-700122', '9903116277', '', '01763085849', '', 6),
('SUBAL GHOSH', '', '', 'NAPIT PARA BARRACKPORE KOL-700122', '9331541345', '', '01763085850', '', 6),
('SUNIL KR GHOSH', '2593-1555', '', 'GHOSH GACHI PARA BARRACKPORE KOL-700122', '9331541345', '', '01763085852', '', 6),
('SAMBHU SIL SHARMA', '', '', 'NIRANJAN NAGAR B''BLOCK BARRACKPORE KOL-700122', '9163169674', '', '01763085853', '', 8),
('ANUBHAB MAHAPATRA', '', '', 'BANERJEE PARA BARRACKPORE KOL-700122', '9804815469', '', '01763085854', '', 6),
('DEBNATH SARKAR', '', '', 'PANCHANAN TALA BARRACKPORE KOL-700122', '8017840234', '', '01763085858', '', 6),
('MOHIT BHANJA', '', '', 'PANCHANANTALA BARRACKPORE 700122', '9883163238', '', '01763085862', '', 6),
('SUJOSH GHOSH', '', '', 'BANERJEEPARA,BARRACKPORE,700122', '9732531359', '', '01763085866', '', 6),
('MITALI SHAYAM', '', '', 'BANERJEE PARA BARRACKPOREKOL-700122', '9903935637', '', '01763085867', '', 6),
('SWAPAN GHOSH', '', '', 'PANANCHANTALA,BARRACKPORE,700122', '93316407575', '', '01763087368', '', 7),
('SHARBANI BISWAS', '', '', 'M MORE BARRACKPORE KOL-700122', '9874610029', '', '01763087370', '', 6),
('TULIKA SUR', '', '', 'PANCHANANTALA,BARRACKPORE,700122', '9477222793', '', '01763087371', '', 6),
('DURGA KR RAM', '', '', 'PANCHANAN TALA BARRACKPORE KOL-700122', '8981385851', '', '01763087372', '', 6),
('MINA SARKAR', '', '', 'PANCHANANTALA,BARRACKPORE,700122', '9830025854', '', '01763087374', '', 6),
('R N KONAR', '', '', 'SHIBTALA ROAD, BARRACKPORE,700122', '9163507712', '', '01763087376', '', 6),
('MANJURANI DAS', '', '', 'RAMKRISHNA PALLY,BARRACKPORE,700122', '8820180674', '', '01763087377', '', 6),
('AJAY BISWAS', '', '', 'GHOSH GACHUI PARA', '9836683173', '', '01763087378', '', 5),
('TARUN SADHUKHAN', '', '', 'NAPIT PARA,BARRACKPORE,700122', '9681275120', '', '01763087379', '', 6),
('BARUN DAS', '', '', 'PANCHANANTALA GADI FACTORY BARRACKPORE KOL-700122', '9874469309', '', '01763087380', '', 6),
('UTTAM ROY', '', '', 'RAMKRISNA PALLY BARRACKPORE KOL-700122', '7278380336', '', '01763087382', '', 6),
('SAYANI GHOSH', '', '', 'SHIBTALA ROAD,BARRACKPORE,700122', '9836087004', '', '01763087384', '', 6),
('RABI SIKDAR', '', '', 'SHIBTALA ROAD, BARRACKPORE,700122', '9143411374', '', '01763087385', '', 6),
('SUPRIYA MUKHERJEE', '', '', 'MASJIT MORE,BARRACKPORE,700122', '9836733240', '', '01763087387', '', 6),
('ALPANA DAS', '', '', 'RAMKRISHNAPALLY,BARRACKPORE,700122', '8017265634', '', '01763087849', '', 6),
('BARID BARAN BANERJEE', '', '', 'GHOSH PARA BARRACKPORE KOL-700122', '9860946493', '', '01763087850', '', 6),
('DIBYENDU KOLEY', '', '', 'SHIBTALA 2 ND LANE BARRACKPORE KOL-700122', '9804713321', '', '01763087851', '', 6),
('DILIP DAS', '', '', 'MASJIT MORE,BARRACKPORE,700122', '9836971536', '', '01763087852', '', 6),
('BHARAT RAM', '', '', 'PANCHANANTALA,BARRACKPORE,700122', '8697132163', '', '01763087853', '', 6),
('SIRSHANATH MALLICK', '', '', 'SHIBTALA,BARRACKPORE,700122', '9339068273', '', '01763087856', '', 7),
('LAXMI ROY', '', '', 'RAMKRISHNA PALLY BARRACKPORE KOL-700122', '7439476415', '', '01763087857', '', 8),
('RAKHI GHOSH', '', '', 'PANCHANANTALA,BARRACKPORE,700122', '9674057525', '', '01763087858', '', 7),
('BIDYUT MUKHERJEE', '', '', 'GHOSH GACHI PARA BARRACKPORE KOL-700122', '9831158669', '', '01763087859', '', 6);
INSERT INTO `customers` (`customer_name`, `customer_phone`, `customer_email`, `customer_address`, `customer_mobile`, `customer_type`, `customer_vcno`, `customer_id_no`, `plan_id`) VALUES
('GOURANGA PAUL', '', '', 'SHIBTALA ROAD,BARRACKPORE,700122', '9231890786', '', '01763087860', '', 7),
('SHANTINATH GHOSH', '', '', 'NAPITPARA,BARRACKPORE,700122', '9830658372', '', '01763087862', '', 6),
('SUDIP DEY', '', '', 'SHIBTALA ROAD,BARRACKPORE,700122', '9681599572', '', '01763087863', '', 8),
('BELA RANI DAS', '', '', 'SHIBTALA RODE BARRACKPORE KOL-700122', '9804713321', '', '01763087864', '', 6),
('GOUTAM SADHUKHAN', '', '', 'NAPIT PARA,BARRACKPORE,700122', '9903613532', '', '01763087866', '', 6),
('DEBASISH DAS', '', '', 'MASIT MORE, HIRA APPARTMENT,BARRACKPORE,700122', '9831777929', '', '01763088715', '', 6),
('JAYDEEP CHAKRABORTY', '', '', 'BANERJEE PARA BARRACKPORE KOL-700122', '9433261057', '', '01763088719', '', 6),
('SAMIR PAL', '', '', 'SHIBTALA BARRACKPORE KOL-700122', '9239594193', '', '01763088720', '', 6),
('HRIDAY DUTTA', '', '', 'PANCHANANTALA,BARRACKPORE,700122', '7602217462', '', '01763088721', '', 6),
('PARITOSH DAS', '', '', 'PANANCHANANTALA,BARRACKPORE,700122', '7278403042', '', '01763088723', '', 6),
('ARUN KR DAS', '', '', 'GADI FACTORY BARRACKPORE KOL-700122', '9830480224', '', '01763088724', '', 6),
('ARUP GHOSH', '', '', 'GHOSH GACHUI PARA,BARRACKPORE,700122', '9051226783', '', '01763088725', '', 6),
('DEBABRATA GHOSH', '', '', 'GHOSH GACHUI PARA,BARRACKPORE,700122', '9831423809', '', '01763088727', '', 6),
('ASHIM GHOSH', '', '', 'GHOSH GACHI PARA BARRACKPORE KOL-700122', '9239134608', '', '01763088728', '', 6),
('GANESH CHAKRABORTY', '', '', 'NAPIT PARA,BARRACKPORE,700122', '9231312225', '', '01763088729', '', 6),
('GOPAL CHAKRABORTY', '', '', 'NAPIT PARA BARRACKPORE KOL-700122', '9674544323', '', '01763088730', '', 6),
('SHAKTI PRASAD GHOSH', '', '', 'SHIBTALA ROAD,700122', '9339966732', '', '01763088731', '', 6),
('SANJOY ROY', '', '', 'BANERJEEPARA,BARRACKPORE,700122', '8902643048', '', '01763088733', '', 6),
('NAKUL SETH', '', '', 'SHIBTALA BARRACKPORE KOL-700122', '9804713321', '', '01763088776', '', 6),
('SIMA DEY', '', '', 'BANERJEE PARA,BARRACKPORE,700122', '9143215051', '', '01763088778', '', 6),
('GORACHAND MOHATI', '', '', 'BANERJEE PARA BARRACKPORE KOL-700122', '9331541345', '', '01763088779', '', 6),
('SWAPAN SENGUPTA', '', '', 'GHOSHPARA,BARRACKPORE,700122', '9748558590', '', '01763088780', '', 6),
('RABI KARMAKAR', '', '', 'PANCHANANTALA,BARRACKPORE,700122', '9831186683', '', '01763088783', '', 6),
('SAMAR KR BISWAS', '', '', 'SHIBTALA BARRACKPORE KOL-700122', '9674612474', '', '01763088784', '', 6),
('DHIREN DUTTA', '', '', 'PANCHANANTALA,BARRACKPORE,700122', '8013449206', '', '01763173690', '', 6),
('GANESH BHAGAT', '', '', 'PANCHANTALA,BARRACKPORE,700122', '9339351220', '', '01763173692', '', 6),
('SUTAPA DEY', '', '', 'PANCHANAN TALA BARRCKPORE -700122', '9007314389', '', '01763173695', '', 5),
('UJJAL GHOSH', '', '', 'PANCHANANTALA,BARRACKPORE,700122', '9007034665', '', '01763173698', '', 6),
('MONOJIT HALDER', '', '', 'RAMKRISHNAPALLY,BARRACKPORE,700122', '9163202564', '', '01763173699', '', 6),
('DHIRNDRANATH GHOSH', '', '', 'PANCHANATALA,BARRACKPORE,700122', '93316407575', '', '01763173702', '', 6),
('SWAPAN GHOSH', '', '', 'GHOSH PARA BARRACKPORE KOL-700122', '9331541345', '', '01763173703', '', 6),
('SHUBHANKAR DEY', '', '', 'M MO0RE BARRACKPORE KOL-700122', '9874743763', '', '01763173705', '', 6),
('RINTU DAS', '', '', 'NAPITPARA,BARRACKPORE,700122', '8961718202', '', '01763173706', '', 6),
('APARNA GHOSH', '', '', 'BANERJEE PARA BARRACKPORE KOL-700122', '9830013835', '', '01763952780', '', 7),
('SAMBHU SIKDAR', '', '', 'BANERJEEPARA,BARRACKPORE,700122', '9903365129', '', '01763952781', '', 6),
('SMRITIKANA DAS', '', '', 'BANERJEEPARA,BARRACKP[ORE,700122', '9874479028', '', '01763952782', '', 6),
('SUDIP SENGUPTA', '', '', 'BANERJEE PARA BARRACKPORE KOL-700122', '9231178816', '', '01763952783', '', 6),
('SUNIL GHOSH', '', '', 'M MORE BARRACKPORE KOL-700122', '9903115848', '', '01763952785', '', 6),
('PRASANTA SARNAL', '', '', 'GHOSH GAHI PARA BARRACKPORE KOL-700122', '9339542996', '', '01763952788', '', 6),
('ARUN SADHUKHAN', '', '', 'NAPIT PARA BARRACKPORE KOL-700122', '9433642034', '', '01763952791', '', 6),
('GOPAL GHOSH', '', '', 'PANCHANANTALA,BARRACKPORE,700122', '8961251142', '', '01763952793', '', 6),
('RANJIT GHOSH', '', '', 'PANCHANANTALAL,BARRACKPORE,700122', '8017183645', '', '01763952794', '', 6),
('MIRA SAHA', '', '', 'NIRANJAN NAGAR,B BLOCK,BARRACKPORE,700122', '9007571995', '', '01763952795', '', 6),
('BIREN MOHALI', '', '', 'PANCHANANTALA,BARRACKPORE,700122', '8584030747', '', '01763952797', '', 6),
('RAGHURAJ SINGH', '', '', 'PANCHANANTALA,BARRACKPORE,700122', '8961784110', '', '01763952799', '', 6),
('SANGITA SARKAR', '', '', 'MASJIT MORE,BARRACXKPORE,700122', '9433559120', '', '01763952800', '', 6),
('DILIP ROY', '', '', 'GHOSH GACHUI PARA,BARRACKPORE,700122', '9531707869', '', '01763952801', '', 6),
('DIPANKAR DAS', '', '', 'PANCHANANTALA,BARRACKPORE,700122', '8013986857', '', '01763952802', '', 6),
('BANDANA BARUYA', '', '', 'GHOSHPARA,BARRACKPORE,70122', '9007390866', '', '01763952806', '', 6),
('SUNIL SARKAR', '', '', 'PANCHANANTALA,BARRACKPORE,700122', '9836807979', '', '01763952807', '', 7),
('SUKHEN ROY', '', '', 'RAMKRISHNAPALLY,BARRACKPORE,700122', '8013706221', '', '01763952810', '', 6),
('TAPAN SUR', '', '', 'RAMKRISHNAPALLY,BARRACKPORE,700122', '9883273211', '', '01763952811', '', 6),
('SUROJIT BASAK', '', '', 'PANCHANANTALA,BARRACKPORE,700122', '8584030747', '', '01763952812', '', 6),
('J L BASAK', '', '', 'PANCHANANTALA,BARRACKPORE,700122', '8584030747', '', '01763952813', '', 7),
('RINA HEMBRAM', '', '', 'NAPITPARA,BARRACKPORE,700122', '8100174693', '', '01763952815', '', 6),
('KAMAL SEN', '', '', 'RAMKRISHNA PALLY BARRACKPORE KOL-700122', '9903946840', '', '01763952816', '', 6),
('INDRAJIT KANUNGO', '', '', 'NAPITPARA,BARRACKPORE,700122', '9051618961', '', '01763952817', '', 5),
('SANGRAM DUTTA', '', '', 'SHIBTALA BARRACKPORE KOL-700122', '9804590383', '', '01763952819', '', 6),
('ANINDYA NAG', '', '', 'PANCHANANTALA,BARRACKPORE,700122', '9330069590', '', '01764124277', '', 6),
('ARNAB GHOSH', '', '', 'BANERJEE PARA BARRACKPORE KOL-700122', '9051584406', '', '01764124278', '', 4),
('BIMAL RAJBANSHI', '', '', 'SHIBTALA 2ND LANE BARRACKPORE KOL-700122', '8981136250', '', '01764124532', '', 6),
('SATAJIT SARKAR', '', '', 'RAMKRISNA PALLY BARRACKPORE KOL-700122', '9748555385', '', '01764164975', '', 6),
('Krishna dhar`', '', '', 'barrackpore,chiramore', '8013137347', '', '104484877', '', 7),
('Sohom Dutta', '', '', 'fasdfkjhskjfhisdhfi', '9903584369', '', '1234678', '', 6),
('sukanta ghosh', '', '', 'fjsdlfjl lkdjflksj', '984545444', '', '124577', '', 8),
('Gautom Sutradhar', '', 'gautom@gmail.com', 'Assam, Tezpur', '9854243331', 'Adhar Card', '854154477777', '544984685484', 5);

-- --------------------------------------------------------

--
-- Table structure for table `employees`
--

CREATE TABLE IF NOT EXISTS `employees` (
  `employee_id` varchar(11) NOT NULL,
  `employee_name` varchar(50) NOT NULL,
  `employee_phone` varchar(13) NOT NULL,
  `employee_email` varchar(50) DEFAULT NULL,
  `employee_priv_value` int(11) unsigned DEFAULT NULL,
  `employee_address` varchar(200) DEFAULT NULL,
  `employee_mobile` varchar(20) DEFAULT NULL,
  PRIMARY KEY (`employee_id`)
) ENGINE=InnoDB DEFAULT CHARSET=utf8;

--
-- Dumping data for table `employees`
--

INSERT INTO `employees` (`employee_id`, `employee_name`, `employee_phone`, `employee_email`, `employee_priv_value`, `employee_address`, `employee_mobile`) VALUES
('123', 'adsfdsafg', 'sdfgsdfg', 'dfgdfgdg@gmail.com', NULL, 'sdfgsdfg', 'sdfgdsfg'),
('E0012', 'Krishna & Gopal', '033-794511', 'binod@gmail.com', NULL, 'bkp', '91663196112'),
('emp0001', 'Sukanta', 'Hui', 'sukantahui@gmail.com', 15, NULL, NULL),
('emp002', 'Rajib Das', '89993003-2', 'dfsf@sfsdf.com', 12, NULL, NULL),
('emp003', 'Nanda Gopal', '9163196112', 'ngsutradhar@50@gmail.com', 15, 'barracpore', '9556418474'),
('emp004', 'Ronit Dhar', '9163196112', 'ronit@gmail.com', 12, 'staline nagary colony', '0954484854');

-- --------------------------------------------------------

--
-- Table structure for table `generate_no`
--

CREATE TABLE IF NOT EXISTS `generate_no` (
  `id` int(11) NOT NULL AUTO_INCREMENT,
  `table_name` varchar(30) DEFAULT NULL,
  `prefix` varchar(20) DEFAULT NULL,
  `nos` int(11) DEFAULT '0',
  `suffix` varchar(20) DEFAULT NULL,
  PRIMARY KEY (`id`)
) ENGINE=InnoDB  DEFAULT CHARSET=latin1 AUTO_INCREMENT=4 ;

--
-- Dumping data for table `generate_no`
--

INSERT INTO `generate_no` (`id`, `table_name`, `prefix`, `nos`, `suffix`) VALUES
(3, 'bill_master', 'SCAN', 1016, NULL);

-- --------------------------------------------------------

--
-- Table structure for table `maxtable`
--

CREATE TABLE IF NOT EXISTS `maxtable` (
  `table_id` int(11) NOT NULL AUTO_INCREMENT,
  `table_name` varchar(50) DEFAULT 'None',
  `mainfield` int(11) DEFAULT '0',
  `prefix` varchar(255) DEFAULT 'TMG',
  `suffix` varchar(255) DEFAULT 'None',
  `financial_year` int(5) DEFAULT NULL,
  PRIMARY KEY (`table_id`),
  UNIQUE KEY `Uni_key_table_name_financial_year` (`table_name`,`financial_year`)
) ENGINE=InnoDB  DEFAULT CHARSET=latin1 AUTO_INCREMENT=2 ;

--
-- Dumping data for table `maxtable`
--

INSERT INTO `maxtable` (`table_id`, `table_name`, `mainfield`, `prefix`, `suffix`, `financial_year`) VALUES
(1, 'bill_master', 687, 'SCAN', 'None', 1314);

-- --------------------------------------------------------

--
-- Table structure for table `plans`
--

CREATE TABLE IF NOT EXISTS `plans` (
  `plan_id` int(11) NOT NULL AUTO_INCREMENT,
  `plan_name` varchar(50) DEFAULT NULL,
  `plan_amount` double(12,2) DEFAULT NULL,
  `plan_date` datetime DEFAULT NULL,
  PRIMARY KEY (`plan_id`)
) ENGINE=InnoDB  DEFAULT CHARSET=utf8 AUTO_INCREMENT=9 ;

--
-- Dumping data for table `plans`
--

INSERT INTO `plans` (`plan_id`, `plan_name`, `plan_amount`, `plan_date`) VALUES
(4, 'PREMIUM PACKAGE', 280.00, '2013-08-02 15:32:09'),
(5, 'GRAND PACKAGE', 230.00, '2013-08-02 15:32:33'),
(6, 'POPULAR PACKAGE', 180.00, '2013-08-02 15:34:36'),
(7, 'JANATA PACKAGE', 100.00, '2013-08-07 07:17:23'),
(8, 'AL A KAT RATE PLAN', 150.00, '2013-08-30 05:30:13');

-- --------------------------------------------------------

--
-- Table structure for table `receipt`
--

CREATE TABLE IF NOT EXISTS `receipt` (
  `receipt_id` int(11) NOT NULL AUTO_INCREMENT,
  `bill_no` varchar(50) DEFAULT NULL,
  `vcno` varchar(50) DEFAULT NULL,
  `recv_amount` double DEFAULT NULL,
  `recv_date` date DEFAULT NULL,
  PRIMARY KEY (`receipt_id`)
) ENGINE=MyISAM DEFAULT CHARSET=latin1 AUTO_INCREMENT=1 ;

--
-- Dumping data for table `receipt`
--


-- --------------------------------------------------------

--
-- Table structure for table `trans_money`
--

CREATE TABLE IF NOT EXISTS `trans_money` (
  `id` int(11) NOT NULL AUTO_INCREMENT,
  `from_user` varchar(50) DEFAULT NULL,
  `to_user` varchar(50) DEFAULT NULL,
  `trans_amount` double DEFAULT NULL,
  `comments` varchar(200) DEFAULT NULL,
  `trans_date` timestamp NOT NULL DEFAULT CURRENT_TIMESTAMP,
  PRIMARY KEY (`id`)
) ENGINE=InnoDB  DEFAULT CHARSET=latin1 AUTO_INCREMENT=19 ;

--
-- Dumping data for table `trans_money`
--

INSERT INTO `trans_money` (`id`, `from_user`, `to_user`, `trans_amount`, `comments`, `trans_date`) VALUES
(1, 'emp0001', 'emp004', 20, 'ghgwey', '2013-11-12 19:34:57'),
(2, 'emp002', 'emp0001', 200, 'sdfdsfsd fasdf', '2013-11-12 19:58:07'),
(3, 'emp0001', 'emp004', 150, 'dfgdsdfgfdgf', '2013-11-13 08:22:32'),
(4, 'emp0001', 'emp004', 350, 'testing ', '2013-11-13 12:54:01'),
(5, 'emp0001', 'emp004', 22, 'Nanda Gopal sutsadrara', '2013-11-13 13:18:31'),
(6, 'emp0001', 'emp004', 10, 'testntg', '2013-11-13 13:33:05'),
(7, 'emp0001', 'emp004', 10, 'testntg', '2013-11-13 13:44:49'),
(8, 'emp0001', 'emp004', 20, 'wafas fsadfsadfs', '2013-11-13 13:45:11'),
(9, 'emp0001', 'emp004', 30, 'sdfa fasdff sfsdf', '2013-11-13 13:48:51'),
(10, 'emp004', 'emp0001', 57, 'ronit to sukanta', '2013-11-13 15:27:41'),
(11, 'emp004', 'emp0001', 8, 'fsadfdsf', '2013-11-13 15:38:30'),
(12, 'emp0001', 'emp004', 50, 'sukanta to roinit', '2013-11-13 15:58:51'),
(13, 'emp0001', 'emp004', 50, 'rtretwert ', '2013-11-13 16:00:00'),
(14, 'emp004', 'emp0001', 2, 'v sdfasfsaf', '2013-11-13 18:49:21'),
(15, 'emp004', 'emp0001', 90, 'sf sf sadfsdfs', '2013-11-14 11:49:52'),
(16, 'emp004', 'emp0001', 250, 'dbdsfg dfgs', '2013-12-17 13:46:07'),
(17, 'emp0001', 'emp004', 500, 'ergretg etgwer', '2014-01-09 20:50:16'),
(18, 'emp004', 'emp0001', 1000, 'srgfasefgase fa', '2014-01-23 20:53:38');

-- --------------------------------------------------------

--
-- Table structure for table `users`
--

CREATE TABLE IF NOT EXISTS `users` (
  `user_id` varchar(50) NOT NULL,
  `user_password` varchar(50) NOT NULL,
  `employee_id` varchar(11) NOT NULL,
  `created` timestamp NOT NULL DEFAULT CURRENT_TIMESTAMP ON UPDATE CURRENT_TIMESTAMP,
  PRIMARY KEY (`user_id`),
  KEY `emp_id` (`employee_id`)
) ENGINE=InnoDB DEFAULT CHARSET=utf8;

--
-- Dumping data for table `users`
--

INSERT INTO `users` (`user_id`, `user_password`, `employee_id`, `created`) VALUES
('admin', '0192023a7bbd73250516f069df18b500 ', 'emp003', '2013-11-14 00:00:00'),
('biju', '1d683d2f77ebd646f11b4afe50d6f9ca', 'emp0001', '2013-04-17 16:36:33'),
('rajib', 'ceedaf94ac9610031ab5e582eaf36aba', 'emp002', '2013-06-22 14:00:29'),
('ronit', '0b95f158977de02863eb27afca9c89cd', 'emp004', '2013-11-11 19:01:38');

-- --------------------------------------------------------

--
-- Table structure for table `user_balance`
--

CREATE TABLE IF NOT EXISTS `user_balance` (
  `id` int(11) NOT NULL AUTO_INCREMENT,
  `user_id` varchar(50) DEFAULT NULL,
  `amount` double DEFAULT NULL,
  `date_time` timestamp NOT NULL DEFAULT CURRENT_TIMESTAMP,
  PRIMARY KEY (`id`)
) ENGINE=InnoDB  DEFAULT CHARSET=latin1 AUTO_INCREMENT=32 ;

--
-- Dumping data for table `user_balance`
--

INSERT INTO `user_balance` (`id`, `user_id`, `amount`, `date_time`) VALUES
(1, 'emp0001', -30, '2013-11-13 13:48:51'),
(2, 'emp004', 30, '2013-11-13 13:48:51'),
(3, 'emp004', 327.608, '2013-11-13 15:21:47'),
(4, 'emp0001', 215.248, '2013-11-13 15:22:48'),
(5, 'emp004', -57, '2013-11-13 15:27:41'),
(6, 'emp0001', 57, '2013-11-13 15:27:41'),
(7, 'emp004', -8, '2013-11-13 15:38:30'),
(8, 'emp0001', 8, '2013-11-13 15:38:30'),
(9, 'emp0001', -50, '2013-11-13 15:58:51'),
(10, 'emp004', 50, '2013-11-13 15:58:51'),
(11, 'emp0001', -50, '2013-11-13 16:00:00'),
(12, 'emp004', 50, '2013-11-13 16:00:00'),
(13, 'emp004', -2, '2013-11-13 18:49:21'),
(14, 'emp0001', 2, '2013-11-13 18:49:21'),
(15, 'emp004', -90, '2013-11-14 11:49:52'),
(16, 'emp0001', 90, '2013-11-14 11:49:52'),
(17, 'emp0001', 305.136, '2013-11-16 20:11:27'),
(18, 'emp0001', 243.338, '2013-11-24 09:58:30'),
(19, 'emp0001', 271.428, '2013-12-17 13:41:12'),
(20, 'emp0001', 271.428, '2013-12-17 13:41:16'),
(21, 'emp004', -250, '2013-12-17 13:46:07'),
(22, 'emp0001', 250, '2013-12-17 13:46:07'),
(23, 'emp0001', 283.7876, '2013-12-17 13:51:37'),
(24, 'emp0001', 215.248, '2014-01-09 20:45:44'),
(25, 'emp0001', -500, '2014-01-09 20:50:16'),
(26, 'emp004', 500, '2014-01-09 20:50:16'),
(27, 'emp004', 327.608, '2014-01-10 13:10:36'),
(28, 'emp004', 125.36, '2014-01-23 20:42:45'),
(29, 'emp004', 327.608, '2014-01-23 20:49:32'),
(30, 'emp004', -1000, '2014-01-23 20:53:38'),
(31, 'emp0001', 1000, '2014-01-23 20:53:38');

-- --------------------------------------------------------

--
-- Table structure for table `xxx`
--

CREATE TABLE IF NOT EXISTS `xxx` (
  `ID` int(11) NOT NULL AUTO_INCREMENT,
  `start_date` date DEFAULT NULL,
  PRIMARY KEY (`ID`)
) ENGINE=InnoDB  DEFAULT CHARSET=latin1 AUTO_INCREMENT=2 ;

--
-- Dumping data for table `xxx`
--

INSERT INTO `xxx` (`ID`, `start_date`) VALUES
(1, '2014-01-19');

--
-- Constraints for dumped tables
--

--
-- Constraints for table `bill_details`
--
ALTER TABLE `bill_details`
  ADD CONSTRAINT `fk_billNO` FOREIGN KEY (`bill_no`) REFERENCES `bill_master` (`bill_no`) ON UPDATE CASCADE;

--
-- Constraints for table `bill_master`
--
ALTER TABLE `bill_master`
  ADD CONSTRAINT `fk_bill_vcno` FOREIGN KEY (`vcno`) REFERENCES `customers` (`customer_vcno`) ON UPDATE CASCADE,
  ADD CONSTRAINT `fk_plan_id` FOREIGN KEY (`plan_id`) REFERENCES `plans` (`plan_id`) ON UPDATE CASCADE;

--
-- Constraints for table `channel_to_customer`
--
ALTER TABLE `channel_to_customer`
  ADD CONSTRAINT `fk_channel_name` FOREIGN KEY (`channel_name`) REFERENCES `channels` (`channel_name`) ON UPDATE CASCADE,
  ADD CONSTRAINT `fk_vcno` FOREIGN KEY (`vcno`) REFERENCES `customers` (`customer_vcno`) ON UPDATE CASCADE;

--
-- Constraints for table `users`
--
ALTER TABLE `users`
  ADD CONSTRAINT `users_ibfk_1` FOREIGN KEY (`employee_id`) REFERENCES `employees` (`employee_id`) ON UPDATE CASCADE;
